Year,Rank,Age,Rider,Team,Time
2003,1,32,Honchar Serhiy,De Nardi - Colpack,38:04
2003,2,28,Bruseghin Marzio,Fassa Bortolo,+0:19
2003,3,28,González Aitor,Fassa Bortolo,+0:20
2003,4,29,Frigo Dario,Fassa Bortolo,+0:26
2003,5,31,Rumšas Raimondas,Lampre,+1:03
2003,6,24,Casar Sandy,Fdjeux.com,+1:05
2003,7,29,Garzelli Stefano,Vini Caldirola - So.di,+1:16
2003,8,25,Bertagnolli Leonardo,Saeco,+1:18
2003,9,23,Popovych Yaroslav,Landbouwkrediet - Colnago,+1:19
2003,10,32,Totschnig Georg,Gerolsteiner,+1:21
2003,11,28,Bäckstedt Magnus,Team Fakta,+1:24
2003,12,22,Eisel Bernhard,Fdjeux.com,+1:28
2003,13,32,Belli Wladimir,Lampre,+1:38
2003,14,24,Kirchen Kim,Fassa Bortolo,+1:39
2003,15,34,Noè Andrea,Alessio,+1:49
2003,16,29,Mazzoleni Eddy,Vini Caldirola - So.di,+1:50
2003,17,30,Codol Massimo,Mercatone Uno - Scanavino,+2:08
2003,18,31,Simoni Gilberto,Saeco,+2:14
2003,19,25,Pellizotti Franco,Alessio,+2:19
2003,20,28,Da Cruz Carlos,Fdjeux.com,+2:30
2003,21,23,Quinziato Manuel,Lampre,+2:31
2003,22,30,Baranowski Dariusz,CCC - Polsat,+2:37
2003,23,23,Laverde Luis Felipe,Formaggi Pinzolo Fiavè - Ciarrocchi Immobiliare,+2:41
2003,24,34,Svorada Ján,Lampre,+2:44
2003,25,29,Velo Marco,Fassa Bortolo,+2:45
2003,26,29,Moerenhout Koos,Lotto - Domo,+2:47
2003,27,26,Adyeyev Sergiy,Landbouwkrediet - Colnago,+2:50
2003,28,33,Pantani Marco,Mercatone Uno - Scanavino,+2:51
2003,29,32,Brożyna Tomasz,CCC - Polsat,+2:57
2003,31,25,Gobbi Michele,De Nardi - Colpack,+3:00
2003,32,27,Caucchioli Pietro,Alessio,+3:01
2003,33,37,Faresin Gianni,Gerolsteiner,+3:02
2003,34,32,Chmielewski Piotr,CCC - Polsat,+3:05
2003,36,29,Miholjević Vladimir,Alessio,+3:08
2003,37,34,Baldato Fabio,Alessio,+3:11
2003,38,25,Szmyd Sylwester,Mercatone Uno - Scanavino,+3:20
2003,39,31,Duma Vladimir,Landbouwkrediet - Colnago,+3:23
2003,40,35,Verstrepen Johan,Landbouwkrediet - Colnago,+3:24
2003,42,30,Andriotto Dario,Vini Caldirola - So.di,+3:25
2003,43,24,Trampusch Gerhard,Gerolsteiner,+3:28
2003,44,24,Scamardella Salvatore,Landbouwkrediet - Colnago,+3:29
2003,45,25,Zanotti Leonardo,De Nardi - Colpack,+3:30
2003,47,21,Cunego Damiano,Saeco,+3:32
2003,48,25,Gutiérrez Ignacio,Kelme - Costa Blanca,+3:36
2003,49,25,Zaballa Constantino,Kelme - Costa Blanca,+3:37
2003,50,25,Wegelius Charles,De Nardi - Colpack,+3:38
2003,53,27,Lunghi Denis,Alessio,+3:40
2003,54,23,García Quesada Adolfo,Kelme - Costa Blanca,+3:44
2003,55,36,Sunderland Scott,Team Fakta,+3:45
2003,57,27,Tonti Andrea,Saeco,+3:51
2003,58,25,Nocentini Rinaldo,Formaggi Pinzolo Fiavè - Ciarrocchi Immobiliare,+3:57
2003,59,23,Bernucci Lorenzo,Landbouwkrediet - Colnago,+3:58
2003,60,24,Sabaliauskas Marius,Saeco,+4:05
2003,61,28,Gerosa Mauro,Vini Caldirola - So.di,+4:14
2003,63,27,Vila Francisco Javier,Lampre,+4:16
2003,64,31,Pozzi Oscar,Tenax - Garda Calze,+4:17
2003,65,38,Scirea Mario,Domina Vacanze - Elitron,+4:19
2003,66,30,Secchiari Francesco,Domina Vacanze - Elitron,+4:20
2003,67,28,Stremersch Tom,Landbouwkrediet - Colnago,+4:28
2003,68,34,Lanfranchi Paolo,Panaria - Fiordo,+4:29
2003,69,30,Muñoz Hernan Dario,Colombia - Selle Italia,+4:33
2003,71,30,Frattini Cristiano,Tenax - Garda Calze,+4:41
2003,72,34,Barbero Sergio,Lampre,+4:44
2003,73,32,Gasperoni Cristian,Mercatone Uno - Scanavino,+4:47
2003,74,22,Pietropolli Daniele,Tenax - Garda Calze,+4:52
2003,75,25,Zampieri Steve,Vini Caldirola - So.di,+4:53
2003,76,28,Spezialetti Alessandro,Saeco,+5:01
2003,77,33,Castelblanco José Joaquin,Colombia - Selle Italia,+5:04
2003,78,38,Conti Roberto,Mercatone Uno - Scanavino,+5:06
2003,79,33,Lombardi Giovanni,Domina Vacanze - Elitron,+5:07
2003,80,27,Mesa Hector Orlando,Formaggi Pinzolo Fiavè - Ciarrocchi Immobiliare,+5:11
2003,81,36,Tonetti Gianluca,Tenax - Garda Calze,+5:12
2003,82,26,Giordani Leonardo,De Nardi - Colpack,+5:18
2003,84,33,Manzoni Mario,Mercatone Uno - Scanavino,+5:24
2003,85,30,Winn Julian,Team Fakta,+5:28
2003,86,24,Cheula Giampaolo,Vini Caldirola - So.di,+5:31
2003,87,31,Colombo Gabriele,Domina Vacanze - Elitron,+5:35
2003,88,27,De Angeli Luca,Colombia - Selle Italia,+5:38
2003,89,26,Hardter Uwe,Gerolsteiner,+5:45
2003,90,27,González Freddy Excelino,Colombia - Selle Italia,+5:46
2003,91,27,Jørgensen René,Team Fakta,+5:48
2003,92,26,Usano Julian,Kelme - Costa Blanca,+5:50
2003,94,32,Fornaciari Paolo,Saeco,+6:14
2003,95,38,Fontanelli Fabiano,Mercatone Uno - Scanavino,+6:38
2003,96,34,Marín Ruber Alveiro,Colombia - Selle Italia,+7:07
2003,97,37,Massi Rodolfo,Colombia - Selle Italia,+8:36
2004,1,30,Petacchi Alessandro,Fassa Bortolo,4:07:01
2004,9,26,Furlan Angelo,Alessio - Bianchi,+0:03
2004,18,22,Cunego Damiano,Saeco,+0:08
2004,37,32,Colombo Gabriele,Domina Vacanze,+0:14
2004,65,32,Bertolini Alessandro,Alessio - Bianchi,+0:23
2004,66,30,Miholjević Vladimir,Alessio - Bianchi,+0:27
2004,67,26,Wilson Matthew,Fdjeux.com,+0:29
2004,69,30,Sacchi Fabio,Fassa Bortolo,+0:38
2004,71,34,Ferrigato Andrea,Acqua & Sapone - Caffe Mokambo,+0:40
2004,72,29,Serina Corrado,Formaggi Pinzolo Fiavè,+0:42
2004,95,27,Gustov Volodymyr,Fassa Bortolo,+0:49
2004,97,29,Mason Oscar,Vini Caldirola - Nobili Rubinetterie,+1:08
2004,138,23,Mourey Francis,Fdjeux.com,+1:16
2004,140,24,Podgornik Dean,Tenax,+2:58
2005,1,31,Petacchi Alessandro,Fassa Bortolo,3:24:08
2005,146,29,Garrido José Antonio,Quickstep - Innergetic,+0:37
2005,150,25,Wiggins Bradley,Crédit Agricole,+1:07
2005,153,31,McCartney Jason,Discovery Channel Pro Cycling Team,+1:24
2006,1,28,Förster Robert,Gerolsteiner,3:56:03
2006,83,30,Pinotti Marco,Saunier Duval - Prodir,+0:17
2006,87,26,Ghisalberti Sergio,Team Milram,+0:20
2006,88,29,Valjavec Tadej,Lampre-Fondital,+0:23
2006,123,26,Bellotti Francesco,Crédit Agricole,+0:30
2006,126,34,Gates Nick,Davitamon - Lotto,+0:34
2006,128,23,Naibo Carl,AG2R Prévoyance,+0:39
2006,130,37,Bramati Davide,Quickstep - Innergetic,+0:41
2006,131,26,Hiekmann Torsten,Gerolsteiner,+0:52
2006,140,29,Illiano Raffaele,Selle Italia - Serramenti Diquigiovanni,+1:13
2006,149,31,Matveyev Sergiy,Ceramica Panaria - Navigare,+1:53
2006,150,23,Van Hecke Preben,Davitamon - Lotto,+2:26
2007,1,33,Petacchi Alessandro,Team Milram,5:18:54
2007,124,35,Gates Nick,Predictor - Lotto,+0:29
2007,127,24,Naibo Carl,AG2R Prévoyance,+0:32
2007,136,33,Rasmussen Michael,Rabobank ProTeam,+0:37
2007,138,28,Buffaz Mickaël,"Cofidis, le Crédit par Téléphone",+0:59
2007,139,24,Visconti Giovanni,Quickstep - Innergetic,+1:14
2007,140,22,Ignatiev Mikhail,Tinkoff Credit Systems,+2:44
2008,1,32,Pinotti Marco,Team High Road,32:45
2008,2,23,Martin Tony,Team High Road,+0:07
2008,3,23,Ignatiev Mikhail,Tinkoff Credit Systems,+0:10
2008,4,28,Wiggins Bradley,Team High Road,+0:13
2008,5,32,Vande Velde Christian,Slipstream - Chipotle presented by H3O,+0:22
2008,6,29,Pate Danny,Slipstream - Chipotle presented by H3O,+0:24
2008,9,25,Gusev Vladimir,Astana,+0:31
2008,10,36,Voigt Jens,CSC ProTeam,+0:33
2008,11,25,Contador Alberto,Astana,+0:39
2008,13,31,Millar David,Slipstream - Chipotle presented by H3O,+0:42
2008,15,27,Bosisio Gabriele,LPR Brakes - Ballan,+0:47
2008,16,25,Serov Alexander,Tinkoff Credit Systems,+0:50
2008,17,35,Blaudzun Michael,CSC ProTeam,+0:52
2008,18,34,Leipheimer Levi,Astana,+0:56
2008,19,32,le Boulanger Yoann,Française des Jeux,+1:01
2008,20,30,Petrov Evgeni,Tinkoff Credit Systems,+1:04
2008,21,35,Savoldelli Paolo,LPR Brakes - Ballan,+1:06
2008,22,27,Karpets Vladimir,Caisse d'Epargne,+1:08
2008,23,24,Martens Paul,Rabobank ProTeam,+1:26
2008,24,22,Trusov Nikolay,Tinkoff Credit Systems,+1:27
2008,25,30,Menchov Denis,Rabobank ProTeam,+1:29
2008,27,30,Pellizotti Franco,Liquigas,+1:30
2008,28,33,Bruseghin Marzio,Lampre,+1:33
2008,30,27,Vanotti Alessandro,Liquigas,+1:34
2008,31,27,Hansen Adam,Team High Road,+1:36
2008,32,24,Dall'Antonia Tiziano,CSF Group - Navigare,+1:41
2008,34,34,McCartney Jason,CSC ProTeam,+1:42
2008,35,32,Tonti Andrea,Quickstep - Innergetic,+1:44
2008,36,23,Cavendish Mark,Team High Road,+1:50
2008,37,24,Chiarini Riccardo,LPR Brakes - Ballan,+1:51
2008,38,24,Devenyns Dries,Silence - Lotto,+1:52
2008,39,32,Lastras Pablo,Caisse d'Epargne,+1:54
2008,40,23,Sørensen Chris Anker,CSC ProTeam,+1:56
2008,41,31,Illiano Raffaele,Serramenti PVC Diquigiovanni-Androni Giocattoli,+1:57
2008,42,24,Huguet Yann,"Cofidis, le Crédit par Téléphone",+1:59
2008,45,27,Hesjedal Ryder,Slipstream - Chipotle presented by H3O,+2:01
2008,49,25,Monier Damien,"Cofidis, le Crédit par Téléphone",+2:02
2008,50,28,Irizar Markel,Euskaltel - Euskadi,+2:07
2008,52,33,Spezialetti Alessandro,LPR Brakes - Ballan,+2:08
2008,53,21,Špilak Simon,Lampre,+2:11
2008,55,26,Efimkin Alexander,Quickstep - Innergetic,+2:13
2008,56,34,Miholjević Vladimir,Liquigas,+2:15
2008,58,24,Gudsell Timothy,Française des Jeux,+2:19
2008,59,29,Pérez Francisco,Caisse d'Epargne,+2:22
2008,60,30,Wegelius Charles,Liquigas,+2:23
2008,61,25,Krauß Sven,Gerolsteiner,+2:25
2008,62,34,Bettini Paolo,Quickstep - Innergetic,+2:26
2008,64,35,Nardello Daniele,Serramenti PVC Diquigiovanni-Androni Giocattoli,+2:29
2008,67,30,Szmyd Sylwester,Lampre,+2:32
2008,69,21,Capecchi Eros,Saunier Duval - Scott,+2:33
2008,70,32,Pérez Marlon Alirio,Caisse d'Epargne,+2:34
2008,71,27,Sella Emanuele,CSF Group - Navigare,+2:35
2008,75,31,Valjavec Tadej,AG2R La Mondiale,+2:36
2008,76,31,Carlström Kjell,Liquigas,+2:37
2008,77,24,Kozontchuk Dmitry,Rabobank ProTeam,+2:39
2008,78,23,Jurčo Matej,Milram,+2:41
2008,79,25,Van den Broeck Jurgen,Silence - Lotto,+2:43
2008,80,28,Pasamontes Luis,Caisse d'Epargne,+2:44
2008,81,33,Baliani Fortunato,CSF Group - Navigare,+2:46
2008,82,25,Pérez Alan,Euskaltel - Euskadi,+2:48
2008,83,25,Greipel André,Team High Road,+2:51
2008,84,34,Velo Marco,Milram,+2:52
2008,86,27,Klimov Sergey,Tinkoff Credit Systems,+2:53
2008,87,27,Veikkanen Jussi,Française des Jeux,+2:55
2008,88,27,Pietropolli Daniele,LPR Brakes - Ballan,+2:56
2008,89,25,Lloyd Matthew,Silence - Lotto,+2:57
2008,92,33,Sørensen Nicki,CSC ProTeam,+3:02
2008,95,24,Raboň František,Team High Road,+3:03
2008,97,33,de Groot Bram,Rabobank ProTeam,+3:06
2008,99,29,Camaño Iker,Saunier Duval - Scott,+3:07
2008,101,30,Golčer Jure,LPR Brakes - Ballan,+3:09
2008,102,39,Noè Andrea,Liquigas,+3:18
2008,103,26,Eichler Markus,Milram,+3:23
2008,106,26,Benítez José Alberto,Saunier Duval - Scott,+3:25
2008,107,34,Horrach Joan Sebastian,Caisse d'Epargne,+3:27
2008,108,25,Rousseau Nicolas,AG2R La Mondiale,+3:28
2008,109,32,Jégou Lilian,Française des Jeux,+3:30
2008,110,30,Engels Addy,Quickstep - Innergetic,+3:33
2008,111,27,Agirre Josu,Euskaltel - Euskadi,+3:35
2008,112,32,Di Luca Danilo,LPR Brakes - Ballan,+3:36
2008,113,39,Baldato Fabio,Lampre,+3:38
2008,114,32,Ongarato Alberto,Milram,+3:39
2008,115,29,Ardila Mauricio Alberto,Rabobank ProTeam,+3:40
2008,117,35,Cárdenas Félix Rafael,Barloworld,+3:42
2008,118,27,Ermeti Giairo,LPR Brakes - Ballan,+3:43
2008,120,24,Deignan Philip,AG2R La Mondiale,+3:44
2008,122,25,Scognamiglio Carlo,Barloworld,+3:46
2008,123,30,Löwik Gerben,Rabobank ProTeam,+3:48
2008,124,30,Colom Antonio,Astana,+3:49
2008,126,29,Buffaz Mickaël,"Cofidis, le Crédit par Téléphone",+3:54
2008,127,23,Sonnery Blaise,AG2R La Mondiale,+3:56
2008,128,22,Levarlet Guillaume,Française des Jeux,+4:02
2008,129,23,Gavazzi Francesco,Lampre,+4:05
2008,130,23,Possoni Morris,Team High Road,+4:25
2008,131,36,Gates Nick,Silence - Lotto,+4:43
2008,132,36,Bertolini Alessandro,Serramenti PVC Diquigiovanni-Androni Giocattoli,+4:45
2008,133,28,Velasco Iván,Euskaltel - Euskadi,+4:47
2008,135,36,Simoni Gilberto,Serramenti PVC Diquigiovanni-Androni Giocattoli,+5:02
2008,137,27,Iglinskiy Maxim,Astana,+5:20
2008,138,29,Rodríguez Joaquim,Caisse d'Epargne,+5:29
2008,139,26,Gasparotto Enrico,Barloworld,+5:38
2008,140,30,Perez Cuapio Julio Alberto,CSF Group - Navigare,+5:48
2008,141,27,Bazayev Assan,Astana,+6:54
2009,1,23,Konovalovas Ignatas,Cervelo Test Team,18:42
2009,2,29,Wiggins Bradley,Team Garmin - Slipstream,+0:01
2009,3,22,Boasson Hagen Edvald,Team Columbia,+0:07
2009,4,29,Popovych Yaroslav,Astana,+0:11
2009,5,34,Bruseghin Marzio,Lampre - NGC,+0:16
2009,6,26,Visconti Giovanni,ISD - Neri,+0:18
2009,7,25,Devenyns Dries,Quickstep - Innergetic,+0:20
2009,8,31,Tjallingii Maarten,Rabobank ProTeam,+0:21
2009,9,35,Garzelli Stefano,Acqua & Sapone,+0:23
2009,10,31,Menchov Denis,Rabobank ProTeam,+0:24
2009,11,25,Brajkovič Janez,Astana,+0:27
2009,12,33,Pinotti Marco,Team Columbia,+0:29
2009,13,28,Bosisio Gabriele,LPR Brakes - Farnese Vini,+0:30
2009,14,26,Gilbert Philippe,Silence - Lotto,+0:36
2009,15,25,Grivko Andrey,ISD - Neri,+0:39
2009,16,31,Pellizotti Franco,Liquigas,+0:40
2009,17,33,Di Luca Danilo,LPR Brakes - Farnese Vini,+0:45
2009,18,31,Basso Ivan,Liquigas,+0:46
2009,20,29,Rogers Michael,Team Columbia,+0:49
2009,22,28,Huzarski Bartosz,ISD - Neri,+0:51
2009,25,22,Seeldraeyers Kevin,Quickstep - Innergetic,+0:53
2009,29,22,Stannard Ian,ISD - Neri,+0:54
2009,30,31,Engels Addy,Quickstep - Innergetic,+0:55
2009,31,29,Quinziato Manuel,Liquigas,+0:58
2009,32,24,Froome Chris,Barloworld - Bianchi,+1:00
2009,33,24,Rabuñal Gonzalo,Xacobeo - Galicia,+1:01
2009,34,35,Petacchi Alessandro,LPR Brakes - Farnese Vini,+1:02
2009,36,29,Bak Lars Ytting,Saxo Bank,+1:03
2009,37,33,Barry Michael,Team Columbia,+1:04
2009,40,28,Lloyd Daniel,Cervelo Test Team,+1:05
2009,42,24,Ignatiev Mikhail,Team Katusha,+1:07
2009,44,33,Lastras Pablo,Caisse d'Epargne,+1:08
2009,45,26,Vorganov Eduard,Xacobeo - Galicia,+1:09
2009,46,33,Palumbo Giuseppe,Acqua & Sapone,+1:10
2009,48,27,Cunego Damiano,Lampre - NGC,+1:11
2009,49,29,César Veloso Gustavo,Xacobeo - Galicia,+1:13
2009,50,29,Arroyo David,Caisse d'Epargne,+1:16
2009,52,25,Löfkvist Thomas,Team Columbia,+1:17
2009,53,37,Armstrong Lance,Astana,+1:19
2009,54,35,Müller Martin,Milram,+1:20
2009,55,31,Tiralongo Paolo,Lampre - NGC,+1:21
2009,60,25,Pauwels Serge,Cervelo Test Team,+1:22
2009,61,24,De Greef Francis,Silence - Lotto,+1:23
2009,62,26,King Edward,Cervelo Test Team,+1:24
2009,64,22,Goss Matthew,Saxo Bank,+1:25
2009,65,34,Sastre Carlos,Cervelo Test Team,+1:26
2009,66,22,Zeits Andrey,Astana,+1:27
2009,68,37,Simoni Gilberto,Serramenti PVC Diquigiovanni-Androni Giocattoli,+1:28
2009,69,27,Gasparotto Enrico,Lampre - NGC,+1:29
2009,70,36,Rubiera José Luis,Astana,+1:30
2009,73,28,Longo Borghini Paolo,Barloworld - Bianchi,+1:32
2009,75,21,Bonnafond Guillaume,AG2R La Mondiale,+1:34
2009,76,31,Petrov Evgeni,Team Katusha,+1:35
2009,78,23,Masciarelli Francesco,Acqua & Sapone,+1:37
2009,80,33,Marzoli Ruggero,Acqua & Sapone,+1:38
2009,81,30,Zabriskie David,Team Garmin - Slipstream,+1:40
2009,82,25,Chiarini Riccardo,LPR Brakes - Farnese Vini,+1:41
2009,83,22,Jacobs Pieter,Silence - Lotto,+1:42
2009,86,22,Augustyn John-Lee,Barloworld - Bianchi,+1:43
2009,90,23,Gonzalez Hector,Fuji-Servetto,+1:45
2009,91,31,Hulsmans Kevin,Quickstep - Innergetic,+1:46
2009,93,29,Scarponi Michele,Serramenti PVC Diquigiovanni-Androni Giocattoli,+1:47
2009,94,28,Da Dalto Mauro,Lampre - NGC,+1:48
2009,96,27,de Bonis Francesco,Serramenti PVC Diquigiovanni-Androni Giocattoli,+1:51
2009,98,21,Barla Luca,Milram,+1:52
2009,99,24,Sokolov Evgeny,Bbox Bouygues Telecom,+1:53
2009,100,25,Failli Francesco,Acqua & Sapone,+1:57
2009,101,29,Kessiakoff Fredrik,Fuji-Servetto,+1:58
2009,105,30,Camaño Iker,Fuji-Servetto,+1:59
2009,108,26,Haddou Saïd,Bbox Bouygues Telecom,+2:01
2009,109,24,Gavazzi Francesco,Lampre - NGC,+2:05
2009,112,27,Brutt Pavel,Team Katusha,+2:08
2009,113,26,Morabito Steve,Astana,+2:10
2009,114,28,Ermeti Giairo,LPR Brakes - Farnese Vini,+2:14
2009,116,28,Klimov Sergey,Team Katusha,+2:15
2009,117,24,Gatto Oscar,ISD - Neri,+2:17
2009,120,24,Lund Anders,Saxo Bank,+2:20
2009,121,34,Spezialetti Alessandro,LPR Brakes - Farnese Vini,+2:21
2009,122,25,Navarro Daniel,Astana,+2:22
2009,124,25,Montaguti Matteo,LPR Brakes - Farnese Vini,+2:23
2009,125,26,Eskov Nikita,Team Katusha,+2:24
2009,129,36,Cárdenas Félix Rafael,Barloworld - Bianchi,+2:26
2009,130,24,Le Floch Guillaume,Bbox Bouygues Telecom,+2:31
2009,132,26,Tschopp Johann,Bbox Bouygues Telecom,+2:34
2009,135,28,Vanotti Alessandro,Liquigas,+2:35
2009,140,26,Klostergaard Kasper,Saxo Bank,+2:36
2009,141,32,Hunter Robert,Barloworld - Bianchi,+2:41
2009,142,34,Scarselli Leonardo,ISD - Neri,+2:43
2009,143,22,Garcia Marcos,Xacobeo - Galicia,+2:44
2009,144,37,Voigt Jens,Saxo Bank,+2:45
2009,145,31,Szmyd Sylwester,Liquigas,+2:46
2009,146,24,Perget Mathieu,Caisse d'Epargne,+2:52
2009,147,24,Fernández de la Puebla Alberto,Fuji-Servetto,+2:54
2009,148,30,Ljungblad Jonas,Silence - Lotto,+2:55
2009,149,24,Viganò Davide,Fuji-Servetto,+0:55
2009,150,24,Rodríguez Jackson,Serramenti PVC Diquigiovanni-Androni Giocattoli,+2:55
2009,152,30,Bertogliati Rubens,Serramenti PVC Diquigiovanni-Androni Giocattoli,+2:57
2009,153,26,Serov Alexander,Team Katusha,+2:58
2009,155,35,Mazzanti Luca,Team Katusha,+3:00
2009,156,28,Schröder Björn,Milram,+3:09
2009,158,35,Miholjević Vladimir,Liquigas,+3:12
2009,159,24,Sonnery Blaise,AG2R La Mondiale,+3:18
2009,160,31,Bertagnolli Leonardo,Serramenti PVC Diquigiovanni-Androni Giocattoli,+3:19
2009,161,24,Agnoli Valerio,Liquigas,+3:20
2009,162,24,Cataldo Dario,Quickstep - Innergetic,+3:21
2009,163,27,Kiryienka Vasil,Caisse d'Epargne,+3:24
2009,164,31,Golčer Jure,LPR Brakes - Farnese Vini,+3:28
2009,165,21,Swift Ben,Team Katusha,+3:53
2009,166,23,Grabovskyy Dmytro,ISD - Neri,+4:07
2009,167,26,Fothen Thomas,Milram,+4:47
2009,168,25,Deignan Philip,Cervelo Test Team,+4:53
2009,169,32,Gustov Volodymyr,Cervelo Test Team,+5:46
2010,1,29,Larsson Gustav Erik,Saxo Bank,20:19
2010,2,34,Pinotti Marco,Team HTC - Columbia,+0:02
2010,3,36,Vinokourov Alexandre,Astana,+0:17
2010,4,33,Evans Cadel,BMC Racing Team,+0:22
2010,5,25,Nibali Vincenzo,Liquigas - Doimo,+0:23
2010,7,30,Wiggins Bradley,Sky Procycling,+0:29
2010,8,22,Meyer Cameron,Team Garmin - Transitions,+0:32
2010,9,30,Scarponi Michele,Androni Giocattoli - Serramenti PVC Diquigiovanni,+0:35
2010,10,25,Stamsnijder Tom,Rabobank ProTeam,+0:37
2010,11,25,Porte Richie,Saxo Bank,+0:39
2010,14,25,van Emden Jos,Rabobank ProTeam,+0:41
2010,15,32,Basso Ivan,Liquigas - Doimo,+0:42
2010,16,33,Henderson Gregory,Sky Procycling,+0:45
2010,18,31,Ardila Mauricio Alberto,Rabobank ProTeam,+0:48
2010,19,20,Brändle Matthias,Footon-Servetto,+0:54
2010,21,28,Pozzato Filippo,Team Katusha,+0:55
2010,22,34,Jufré Josep,Astana,+0:56
2010,24,25,Ignatiev Mikhail,Team Katusha,+0:57
2010,26,27,Gerdemann Linus,Milram,+1:00
2010,27,26,Bookwalter Brent,BMC Racing Team,+1:01
2010,29,25,Lewis Craig,Team HTC - Columbia,+1:03
2010,30,31,Krivtsov Yuriy,AG2R La Mondiale,+1:04
2010,32,31,Bertogliati Rubens,Androni Giocattoli - Serramenti PVC Diquigiovanni,+1:06
2010,33,28,Cunego Damiano,Lampre - Farnese Vini,+1:07
2010,34,28,Fothen Markus,Milram,+1:08
2010,35,25,Mørkøv Michael,Saxo Bank,+1:10
2010,37,25,Samoilau Branislau,Quickstep - Innergetic,+1:13
2010,38,23,Mollema Bauke,Rabobank ProTeam,+1:14
2010,39,32,Sijmens Nico,"Cofidis, le Crédit en Ligne",+1:16
2010,41,23,Urán Rigoberto,Caisse d'Epargne,+1:17
2010,43,26,Raboň František,Team HTC - Columbia,+1:18
2010,47,27,Monier Damien,"Cofidis, le Crédit en Ligne",+1:19
2010,48,25,Bodnar Maciej,Liquigas - Doimo,+1:20
2010,51,30,Pineau Jérôme,Quickstep - Innergetic,+1:22
2010,52,23,Martin Dan,Team Garmin - Transitions,+1:23
2010,54,23,Pirazzi Stefano,Colnago - CSF Inox,+1:24
2010,55,33,Roberts Luke,Milram,+1:25
2010,59,27,Flens Rick,Rabobank ProTeam,+1:26
2010,61,23,Kišerlovski Robert,Liquigas - Doimo,+1:27
2010,62,29,Albasini Michael,Team HTC - Columbia,+1:28
2010,63,27,Stalder Florian,BMC Racing Team,+1:30
2010,64,30,Lang Sebastian,Omega Pharma-Lotto,+1:32
2010,66,27,Haedo Lucas Sebastián,Saxo Bank,+1:33
2010,69,25,Sabatini Fabio,Liquigas - Doimo,+1:34
2010,70,26,Kriit Kalle,"Cofidis, le Crédit en Ligne",+1:36
2010,73,36,Hinault Sébastien,AG2R La Mondiale,+1:37
2010,76,25,Didier Laurent,Saxo Bank,+1:38
2010,78,25,Le Floch Guillaume,Bbox Bouygues Telecom,+1:39
2010,83,32,Szmyd Sylwester,Liquigas - Doimo,+1:40
2010,85,23,Gaudin Damien,Bbox Bouygues Telecom,+1:41
2010,86,26,Dall'Antonia Tiziano,Liquigas - Doimo,+1:43
2010,88,28,Efimkin Alexander,AG2R La Mondiale,+1:44
2010,89,23,Fouchard Julien,"Cofidis, le Crédit en Ligne",+1:46
2010,91,25,Rodríguez Jackson,Androni Giocattoli - Serramenti PVC Diquigiovanni,+1:47
2010,93,29,Klimov Sergey,Team Katusha,+1:49
2010,95,29,Lloyd Daniel,Cervelo Test Team,+1:50
2010,96,35,Cioni Dario David,Sky Procycling,+1:51
2010,97,25,Arashiro Yukiya,Bbox Bouygues Telecom,+1:53
2010,99,25,Bisolti Alessandro,Colnago - CSF Inox,+1:54
2010,100,32,Hayman Mathew,Sky Procycling,+1:58
2010,102,32,Förster Robert,Milram,+1:59
2010,105,35,Spezialetti Alessandro,Lampre - Farnese Vini,+2:00
2010,106,33,Gustov Volodymyr,Cervelo Test Team,+2:01
2010,107,37,Štangelj Gorazd,Astana,+2:02
2010,108,26,Failli Francesco,Acqua & Sapone,+2:03
2010,109,34,Lastras Pablo,Caisse d'Epargne,+2:04
2010,111,31,Brown Graeme Allen,Rabobank ProTeam,+2:07
2010,112,27,Kaisen Olivier,Omega Pharma-Lotto,+2:10
2010,113,31,Donati Alessandro,Acqua & Sapone,+2:12
2010,115,25,De Greef Francis,Omega Pharma-Lotto,+2:13
2010,116,36,Velo Marco,Quickstep - Innergetic,+2:14
2010,118,23,Schär Michael,BMC Racing Team,+2:15
2010,119,27,Tschopp Johann,Bbox Bouygues Telecom,+2:20
2010,120,32,Engels Addy,Quickstep - Innergetic,+2:21
2010,123,27,King Edward,Cervelo Test Team,+2:24
2010,125,30,Fischer Murilo Antonio,Team Garmin - Transitions,+2:25
2010,126,30,Duque Leonardo Fabio,"Cofidis, le Crédit en Ligne",+2:27
2010,128,29,Caruso Giampaolo,Team Katusha,+2:34
2010,129,37,Andriotto Dario,Acqua & Sapone,+2:35
2010,130,38,Simoni Gilberto,Lampre - Farnese Vini,+2:38
2010,131,36,Tosatto Matteo,Quickstep - Innergetic,+2:39
2010,132,36,Mazzanti Luca,Team Katusha,+2:43
2010,133,28,Moreno Daniel,Omega Pharma-Lotto,+2:49
2010,134,38,Bertolini Alessandro,Androni Giocattoli - Serramenti PVC Diquigiovanni,+2:50
2010,135,26,Bono Matteo,Lampre - Farnese Vini,+3:09
2010,136,29,Marzano Marco,Lampre - Farnese Vini,+3:25
2010,137,24,Corti Marco,Footon-Servetto,+3:26
2010,138,25,Sutton Chris,Sky Procycling,+3:40
2010,139,23,Sarmiento Cayetano José,Acqua & Sapone,+4:02
2011,1,34,Millar David,Team Garmin - Cervélo,30:13
2011,2,26,Rasmussen Alex,HTC - High Road,+0:07
2011,3,28,Contador Alberto,Saxo Bank - Sungard,+0:36
2011,3,26,Porte Richie,Saxo Bank - Sungard,+0:43
2011,4,31,Popovych Yaroslav,RadioShack,+0:55
2011,5,26,van Emden Jos,Rabobank Cycling Team,+1:02
2011,6,23,Meyer Cameron,Team Garmin - Cervélo,+1:04
2011,7,24,Gretsch Patrick,HTC - High Road,+1:08
2011,8,25,Machado Tiago,RadioShack,+1:12
2011,9,28,Siutsou Kanstantsin,HTC - High Road,+1:16
2011,10,26,Nibali Vincenzo,Liquigas - Cannondale,+1:18
2011,11,27,Montaguti Matteo,AG2R La Mondiale,+1:19
2011,12,29,Kiryienka Vasil,Movistar Team,+1:22
2011,13,26,Vandewalle Kristof,Quickstep Cycling Team,+1:24
2011,14,31,Lang Sebastian,Omega Pharma-Lotto,+1:26
2011,16,31,Scarponi Michele,Lampre - ISD,+1:28
2011,18,25,Konovalovas Ignatas,Movistar Team,+1:30
2011,19,23,Kruijswijk Steven,Rabobank Cycling Team,+1:31
2011,20,28,Clement Stef,Rabobank Cycling Team,+1:32
2011,21,32,Krivtsov Yuriy,AG2R La Mondiale,+1:35
2011,22,27,Deignan Philip,RadioShack,+1:36
2011,23,26,Belkov Maxim,Vacansoleil - DCM,+1:38
2011,24,25,De Marchi Alessandro,Androni Giocattoli - Serramenti PVC Diquigiovanni,+1:40
2011,25,23,van Winden Dennis,Rabobank Cycling Team,+1:42
2011,27,24,De Clercq Bart,Omega Pharma-Lotto,+1:43
2011,28,27,Dyachenko Alexandr,Pro Team Astana,+1:44
2011,29,26,Cataldo Dario,Quickstep Cycling Team,+1:47
2011,30,26,Marangoni Alan,Liquigas - Cannondale,+1:52
2011,31,28,Visconti Giovanni,Farnese Vini-Neri-Sottoli,+1:55
2011,32,33,Tiralongo Paolo,Pro Team Astana,+2:01
2011,33,26,Mørkøv Michael,Saxo Bank - Sungard,+2:02
2011,34,33,Menchov Denis,Geox-TMC Transformers,+2:03
2011,36,23,Selander Bjorn,RadioShack,+2:04
2011,37,33,Petrov Evgeni,Pro Team Astana,+2:07
2011,39,32,Rodríguez Joaquim,Team Katusha,+2:14
2011,40,29,Brutt Pavel,Team Katusha,+2:15
2011,42,35,Barry Michael,Sky Procycling,+2:21
2011,43,23,Lodewyck Klaas,Omega Pharma-Lotto,+2:24
2011,45,29,Rujano José Humberto,Androni Giocattoli - Serramenti PVC Diquigiovanni,+2:25
2011,46,32,Tankink Bram,Rabobank Cycling Team,+2:27
2011,49,28,Zahner Simon,BMC Racing Team,+2:29
2011,50,30,Sella Emanuele,Androni Giocattoli - Serramenti PVC Diquigiovanni,+2:30
2011,51,32,Serpa José Rodolfo,Androni Giocattoli - Serramenti PVC Diquigiovanni,+2:33
2011,52,27,Ricci Bitti Davide,Farnese Vini-Neri-Sottoli,+2:34
2011,53,37,Garzelli Stefano,Acqua & Sapone,+2:36
2011,56,24,Pirazzi Stefano,Colnago - CSF Inox,+2:37
2011,57,30,Lagutin Sergey,Vacansoleil - DCM,+2:38
2011,58,26,Frapporti Marco,Colnago - CSF Inox,+2:40
2011,60,27,Dall'Antonia Tiziano,Liquigas - Cannondale,+2:41
2011,62,36,Sastre Carlos,Geox-TMC Transformers,+2:43
2011,65,22,Favilli Elia,Farnese Vini-Neri-Sottoli,+2:44
2011,67,27,Löfkvist Thomas,Sky Procycling,+2:45
2011,68,24,Capecchi Eros,Liquigas - Cannondale,+2:49
2011,70,32,Gadret John,AG2R La Mondiale,+2:51
2011,71,25,Wyss Danilo,BMC Racing Team,+2:52
2011,72,32,Downing Russell,Sky Procycling,+2:58
2011,73,26,Gatto Oscar,Farnese Vini-Neri-Sottoli,+3:00
2011,76,26,Selvaggi Mirko,Vacansoleil - DCM,+3:01
2011,78,31,Niemiec Przemysław,Lampre - ISD,+3:04
2011,79,31,Pasamontes Luis,Movistar Team,+3:08
2011,81,34,Giordani Leonardo,Farnese Vini-Neri-Sottoli,+3:09
2011,82,36,Blanco David,Geox-TMC Transformers,+3:13
2011,85,34,Isasi Iñaki,Euskaltel - Euskadi,+3:14
2011,86,34,Carlström Kjell,Sky Procycling,+3:15
2011,88,23,Gastauer Ben,AG2R La Mondiale,+3:17
2011,91,38,Codol Massimo,Acqua & Sapone,+3:18
2011,92,25,Canuti Federico,Colnago - CSF Inox,+3:19
2011,94,33,Nocentini Rinaldo,AG2R La Mondiale,+3:20
2011,95,38,Štangelj Gorazd,Pro Team Astana,+3:25
2011,97,29,Losada Alberto,Team Katusha,+3:26
2011,98,30,Weening Pieter,Rabobank Cycling Team,+3:28
2011,99,28,Vorganov Eduard,Team Katusha,+3:31
2011,100,35,Lastras Pablo,Movistar Team,+3:35
2011,101,31,Arroyo David,Movistar Team,+3:36
2011,102,34,Vicioso Ángel,Androni Giocattoli - Serramenti PVC Diquigiovanni,+3:38
2011,103,35,Righi Daniele,Lampre - ISD,+3:40
2011,105,37,Horrach Joan Sebastian,Team Katusha,+3:41
2011,106,28,Klostergaard Kasper,Saxo Bank - Sungard,+3:42
2011,107,37,Tosatto Matteo,Saxo Bank - Sungard,+3:43
2011,108,30,Vanotti Alessandro,Liquigas - Cannondale,+3:44
2011,111,37,Miholjević Vladimir,Acqua & Sapone,+3:45
2011,112,28,Azanza Jorge,Euskaltel - Euskadi,+3:46
2011,113,27,Nieve Mikel,Euskaltel - Euskadi,+3:47
2011,114,27,Nordhaug Lars Petter,Sky Procycling,+3:48
2011,116,23,Brambilla Gianluca,Colnago - CSF Inox,+3:49
2011,118,25,Cherel Mikaël,AG2R La Mondiale,+3:51
2011,120,28,Reda Francesco,Quickstep Cycling Team,+3:52
2011,122,31,Kuschynski Aleksandr,Team Katusha,+3:53
2011,124,33,Szmyd Sylwester,Liquigas - Cannondale,+3:54
2011,125,29,Moreno Daniel,Team Katusha,+3:56
2011,126,34,Gustov Volodymyr,Saxo Bank - Sungard,+3:58
2011,127,31,Pineau Jérôme,Quickstep Cycling Team,+4:00
2011,129,30,Veikkanen Jussi,Omega Pharma-Lotto,+4:02
2011,130,22,Mínguez Miguel,Euskaltel - Euskadi,+4:05
2011,131,23,Bérard Julien,AG2R La Mondiale,+4:06
2011,132,35,Ongarato Alberto,Vacansoleil - DCM,+4:07
2011,133,26,Possoni Morris,Sky Procycling,+4:08
2011,134,23,Rabottini Matteo,Farnese Vini-Neri-Sottoli,+4:09
2011,135,24,Wyss Marcel,Geox-TMC Transformers,+4:13
2011,136,24,Beyer Chad,BMC Racing Team,+4:14
2011,137,22,Dockx Gert,Omega Pharma-Lotto,+4:16
2011,138,24,Aramendia Javier,Euskaltel - Euskadi,+4:17
2011,140,30,Ochoa Carlos José,Androni Giocattoli - Serramenti PVC Diquigiovanni,+4:23
2011,141,28,Corioni Claudio,Acqua & Sapone,+4:24
2011,142,26,Didier Laurent,Saxo Bank - Sungard,+4:26
2011,143,29,Hernández Blázquez Jesús,Saxo Bank - Sungard,+4:28
2011,144,35,Marzoli Ruggero,Acqua & Sapone,+4:34
2011,145,24,Sarmiento Cayetano José,Acqua & Sapone,+4:44
2011,146,25,Stortoni Simone,Colnago - CSF Inox,+4:45
2011,148,32,Cheula Giampaolo,Geox-TMC Transformers,+4:50
2011,149,33,Engels Addy,Quickstep Cycling Team,+4:54
2011,151,26,Salerno Cristiano,Liquigas - Cannondale,+4:57
2011,152,37,Mazzanti Luca,Farnese Vini-Neri-Sottoli,+4:58
2011,153,25,Taborre Fabio,Acqua & Sapone,+4:59
2011,154,32,Ardila Mauricio Alberto,Geox-TMC Transformers,+5:02
2011,155,27,Kozontchuk Dmitry,Geox-TMC Transformers,+5:16
2011,156,30,Caruso Giampaolo,Team Katusha,+5:21
2011,157,24,Špilak Simon,Lampre - ISD,+5:25
2011,158,35,Di Luca Danilo,Team Katusha,+5:40
2012,1,36,Pinotti Marco,BMC Racing Team,33:06
2012,2,26,Thomas Geraint,Sky Procycling,+0:39
2012,3,23,Sergent Jesse,RadioShack - Nissan,+0:53
2012,4,27,Rasmussen Alex,Team Garmin - Barracuda,+1:00
2012,5,25,De Gendt Thomas,Vacansoleil - DCM,+1:01
2012,6,31,Hesjedal Ryder,Team Garmin - Barracuda,+1:09
2012,7,31,Larsson Gustav Erik,Vacansoleil - DCM,+1:14
2012,8,27,Bodnar Maciej,Liquigas - Cannondale,+1:15
2012,9,35,Tuft Svein,Orica GreenEDGE,+1:22
2012,10,22,Vermote Julien,Omega Pharma - Quick-Step,+1:23
2012,11,25,Stannard Ian,Sky Procycling,+1:24
2012,13,27,Cataldo Dario,Omega Pharma - Quick-Step,+1:25
2012,14,24,Malori Adriano,Lampre - ISD,+1:28
2012,15,23,Oliveira Nelson,RadioShack - Nissan,+1:30
2012,16,21,Phinney Taylor,BMC Racing Team,+1:31
2012,17,36,Vande Velde Christian,Team Garmin - Barracuda,+1:36
2012,18,27,Ignatiev Mikhail,Team Katusha,+1:47
2012,19,33,Serpa José Rodolfo,Androni Giocattoli - Venezuela,+1:49
2012,20,30,Rosseler Sébastien,Team Garmin - Barracuda,+1:50
2012,21,22,Felline Fabio,Androni Giocattoli - Venezuela,+1:53
2012,22,24,Navardauskas Ramūnas,Team Garmin - Barracuda,+1:54
2012,25,33,Casar Sandy,FDJ - BigMat,+1:55
2012,26,33,Rodríguez Joaquim,Team Katusha,+1:56
2012,27,28,Montaguti Matteo,AG2R La Mondiale,+2:01
2012,28,34,Basso Ivan,Liquigas - Cannondale,+2:06
2012,29,22,Slagter Tom-Jelte,Rabobank Cycling Team,+2:08
2012,30,24,Henao Sergio,Sky Procycling,+2:10
2012,31,34,Flecha Juan Antonio,Sky Procycling,+2:11
2012,32,27,Bauer Jack,Team Garmin - Barracuda,+2:12
2012,34,29,Clement Stef,Rabobank Cycling Team,+2:13
2012,36,32,Ballan Alessandro,BMC Racing Team,+2:17
2012,37,28,Dyachenko Alexandr,Astana Pro Team,+2:19
2012,38,32,Bak Lars Ytting,Lotto Belisol Team,+2:21
2012,40,31,Lagutin Sergey,Vacansoleil - DCM,+2:25
2012,41,25,Boaro Manuele,Team Saxo Bank - Tinkoff Bank,+2:26
2012,44,27,Sabatini Fabio,Liquigas - Cannondale,+2:29
2012,45,26,Intxausti Beñat,Movistar Team,+2:30
2012,46,31,Huzarski Bartosz,Team NetApp,+2:31
2012,47,24,Brambilla Gianluca,Colnago - CSF Inox,+2:32
2012,48,24,Gastauer Ben,AG2R La Mondiale,+2:33
2012,49,30,Cunego Damiano,Lampre - ISD,+2:37
2012,50,25,Amador Andrey,Movistar Team,+2:42
2012,51,25,De Clercq Bart,Lotto Belisol Team,+2:43
2012,52,25,Hermans Ben,RadioShack - Nissan,+2:45
2012,54,27,Cavendish Mark,Sky Procycling,+2:46
2012,56,24,Keizer Martijn,Vacansoleil - DCM,+2:47
2012,58,26,De Marchi Alessandro,Androni Giocattoli - Venezuela,+2:49
2012,59,24,Modolo Sacha,Colnago - CSF Inox,+2:54
2012,60,23,Coledan Marco,Colnago - CSF Inox,+2:56
2012,61,25,Pirazzi Stefano,Colnago - CSF Inox,+2:57
2012,62,22,Ulissi Diego,Lampre - ISD,+2:58
2012,63,27,Bárta Jan,Team NetApp,+3:00
2012,65,34,Tiralongo Paolo,Astana Pro Team,+3:01
2012,66,31,Veikkanen Jussi,FDJ - BigMat,+3:02
2012,67,24,Denifl Stefan,Vacansoleil - DCM,+3:04
2012,68,31,Hansen Adam,Lotto Belisol Team,+3:05
2012,69,24,Soupe Geoffrey,FDJ - BigMat,+3:07
2012,71,29,Beppu Fumiyuki,Orica GreenEDGE,+3:08
2012,72,33,Carrara Matteo,Vacansoleil - DCM,+3:12
2012,73,23,Izagirre Ion,Euskaltel - Euskadi,+3:13
2012,74,30,Gazvoda Gregor,AG2R La Mondiale,+3:15
2012,76,31,Longo Borghini Paolo,Liquigas - Cannondale,+3:17
2012,78,32,Kuschynski Aleksandr,Team Katusha,+3:18
2012,79,22,Brändle Matthias,Team NetApp,+3:23
2012,80,24,Caruso Damiano,Liquigas - Cannondale,+3:25
2012,81,24,Bulgaç Brian,Lotto Belisol Team,+3:26
2012,82,27,Agnoli Valerio,Liquigas - Cannondale,+3:29
2012,84,23,Schorn Daniel,Team NetApp,+3:30
2012,85,30,Ventoso Francisco José,Movistar Team,+3:32
2012,87,29,Tschopp Johann,BMC Racing Team,+3:33
2012,88,26,Aaen Jørgensen Jonas,Team Saxo Bank - Tinkoff Bank,+3:36
2012,89,28,Pauwels Serge,Omega Pharma - Quick-Step,+3:37
2012,91,32,Niemiec Przemysław,Lampre - ISD,+3:39
2012,92,29,Txurruka Amets,Euskaltel - Euskadi,+3:44
2012,93,23,Mínguez Miguel,Euskaltel - Euskadi,+3:45
2012,96,31,Zaugg Oliver,RadioShack - Nissan,+3:46
2012,97,26,Wyss Danilo,BMC Racing Team,+3:48
2012,98,36,Righi Daniele,Lampre - ISD,+3:50
2012,100,28,Nieve Mikel,Euskaltel - Euskadi,+3:52
2012,101,31,Mourey Francis,FDJ - BigMat,+3:53
2012,102,30,Brutt Pavel,Team Katusha,+3:54
2012,103,31,Oroz Juan José,Euskaltel - Euskadi,+3:55
2012,105,22,Colbrelli Sonny,Colnago - CSF Inox,+3:58
2012,107,28,Schillinger Andreas,Team NetApp,+4:00
2012,108,26,Bakelants Jan,RadioShack - Nissan,+4:01
2012,109,31,Sella Emanuele,Androni Giocattoli - Venezuela,+4:02
2012,110,23,Keukeleire Jens,Orica GreenEDGE,+4:04
2012,112,29,Haedo Lucas Sebastián,Team Saxo Bank - Tinkoff Bank,+4:05
2012,113,36,Garate Juan Manuel,Rabobank Cycling Team,+4:08
2012,114,33,Gadret John,AG2R La Mondiale,+4:09
2012,115,36,Rasch Gabriel,FDJ - BigMat,+4:10
2012,119,29,Kaisen Olivier,Lotto Belisol Team,+4:11
2012,120,35,Vicioso Ángel,Team Katusha,+4:12
2012,122,27,Gatto Oscar,Farnese Vini-Neri-Sottoli,+4:14
2012,123,29,Ferrari Roberto,Androni Giocattoli - Venezuela,+4:15
2012,124,27,Rodríguez Jackson,Androni Giocattoli - Venezuela,+4:16
2012,125,25,Ponzi Simone,Astana Pro Team,+4:19
2012,126,26,Maes Nikolas,Omega Pharma - Quick-Step,+4:20
2012,127,22,Battaglin Enrico,Colnago - CSF Inox,+4:24
2012,128,38,Tosatto Matteo,Team Saxo Bank - Tinkoff Bank,+4:26
2012,129,26,Delage Mickaël,FDJ - BigMat,+4:27
2012,130,25,De Negri Pier Paolo,Farnese Vini-Neri-Sottoli,+4:29
2012,131,24,Bonnafond Guillaume,AG2R La Mondiale,+4:34
2012,132,25,Frank Mathias,BMC Racing Team,+4:35
2012,133,27,Selvaggi Mirko,Vacansoleil - DCM,+4:37
2012,134,27,Santambrogio Mauro,BMC Racing Team,+4:38
2012,135,28,Failli Francesco,Farnese Vini-Neri-Sottoli,+4:39
2012,136,26,Sáez Adrián,Euskaltel - Euskadi,+4:42
2012,138,27,Lund Anders,Team Saxo Bank - Tinkoff Bank,+4:45
2012,139,22,Cabedo Víctor,Euskaltel - Euskadi,+4:46
2012,140,27,Perget Mathieu,AG2R La Mondiale,+4:50
2012,141,30,Losada Alberto,Team Katusha,+4:51
2012,142,28,Santaromita Ivan,BMC Racing Team,+4:52
2012,143,27,Bandiera Marco,Omega Pharma - Quick-Step,+4:53
2012,144,25,Zeits Andrey,Astana Pro Team,+5:03
2012,145,26,Herrada José,Movistar Team,+5:07
2012,146,31,Eisel Bernhard,Sky Procycling,+5:11
2012,147,24,Bérard Julien,AG2R La Mondiale,+5:14
2012,148,27,Salerno Cristiano,Liquigas - Cannondale,+5:19
2012,149,27,Cazaux Pierre,Euskaltel - Euskadi,+5:22
2012,150,27,Meier Christian,Orica GreenEDGE,+5:24
2012,151,23,Pagani Angelo,Colnago - CSF Inox,+5:26
2012,152,23,Vanendert Dennis,Lotto Belisol Team,+5:37
2012,153,24,Kristoff Alexander,Team Katusha,+5:42
2012,154,27,Rubiano Miguel Angel,Androni Giocattoli - Venezuela,+6:15
2012,155,38,Mazzanti Luca,Farnese Vini-Neri-Sottoli,+6:17
2012,156,24,Benedetti Cesare,Team NetApp,+6:30
2012,157,28,Bono Matteo,Lampre - ISD,+8:55
2013,1,28,Cavendish Mark,Omega Pharma - Quick-Step,5:30:09
2013,52,29,Dall'Antonia Tiziano,Cannondale Pro Cycling Team,+0:12
2013,53,28,Cataldo Dario,Sky Procycling,+0:14
2013,55,39,Hondo Danilo,RadioShack - Leopard,+0:16
2013,58,32,Hansen Adam,Lotto Belisol Team,+0:18
2013,61,27,Gruzdev Dmitriy,Astana Pro Team,+0:28
2013,63,35,Tjallingii Maarten,Blanco Pro Cycling Team,+0:34
2013,64,26,Zeits Andrey,Astana Pro Team,+0:37
2013,65,30,Keisse Iljo,Omega Pharma - Quick-Step,+0:39
2013,66,22,Durbridge Luke,Orica GreenEDGE,+0:40
2013,69,30,Clement Stef,Blanco Pro Cycling Team,+0:44
2013,109,29,Pauwels Serge,Omega Pharma - Quick-Step,+0:53
2013,110,23,Vermote Julien,Omega Pharma - Quick-Step,+0:58
2013,111,28,Agnoli Valerio,Astana Pro Team,+1:03
2013,119,32,Pietropolli Daniele,Lampre - Merida,+1:20
2013,122,29,Wurf Cameron,Cannondale Pro Cycling Team,+1:25
2013,123,34,Veuchelen Frederik,Vacansoleil - DCM,+1:38
2013,137,33,Mouris Jens,Orica GreenEDGE,+1:43
2013,138,23,Boem Nicola,Bardiani Valvole - CSF Inox,+1:48
2013,139,25,Brambilla Gianluca,Omega Pharma - Quick-Step,+1:51
2013,142,32,Caruso Giampaolo,Team Katusha,+2:12
2013,143,22,Aru Fabio,Astana Pro Team,+2:17
2013,144,23,Bennett George,RadioShack - Leopard,+2:20
2013,155,35,Tiralongo Paolo,Astana Pro Team,+2:32
2013,165,27,Marentes Wilson Alexander,Team Colombia,+3:17
2014,1,25,Mezgec Luka,Team Giant - Shimano,4:23:58
2014,33,23,Aru Fabio,Astana Pro Team,+0:09
2014,90,26,Rabottini Matteo,Neri Sottoli,+0:28
2014,109,27,Ponzi Simone,Neri Sottoli,+0:43
2014,110,27,Oss Daniel,BMC Racing Team,+0:57
2014,111,25,Serry Pieter,Omega Pharma - Quick-Step,+1:06
2014,112,24,Zardini Edoardo,Bardiani - CSF Pro Team,+1:18
2014,129,24,Boem Nicola,Bardiani - CSF Pro Team,+1:32
2014,130,26,Zoidl Riccardo,Trek Factory Racing,+1:49
2014,135,30,Bono Matteo,Lampre - Merida,+1:58
2014,145,24,Felline Fabio,Trek Factory Racing,+2:01
2014,146,26,Malori Adriano,Movistar Team,+2:03
2014,147,24,Bol Jetse,Belkin-Pro Cycling Team,+2:08
2014,148,23,Wellens Tim,Lotto Belisol,+2:10
2014,149,27,Pichon Laurent,FDJ.fr,+2:32
2014,150,24,Juul-Jensen Christopher,Tinkoff - Saxo,+2:38
2014,154,30,Deignan Philip,Team Sky,+2:46
2014,155,37,Tuft Svein,Orica GreenEDGE,+3:14
2014,156,28,Quintero Carlos,Team Colombia,+4:17
2015,1,32,Keisse Iljo,Etixx - Quick Step,4:18:37
2015,3,29,Kluge Roger,IAM Cycling,+0:09
2015,43,25,Colbrelli Sonny,Bardiani - CSF Pro Team,+0:18
2015,59,23,Villella Davide,Team Cannondale - Garmin,+0:23
2015,60,31,Bookwalter Brent,BMC Racing Team,+0:28
2015,63,33,Moinard Amaël,BMC Racing Team,+0:30
2015,71,30,Marangoni Alan,Team Cannondale - Garmin,+0:38
2015,72,31,De Backer Bert,Team Giant - Alpecin,+0:42
2015,73,27,Bewley Sam,Orica GreenEDGE,+0:45
2015,74,26,de la Cruz David,Etixx - Quick Step,+0:49
2015,76,37,Basso Ivan,Tinkoff - Saxo,+0:51
2015,80,25,Silvestre Fábio,Trek Factory Racing,+0:56
2015,81,27,Busato Matteo,Southeast,+0:57
2015,97,28,Pirazzi Stefano,Bardiani - CSF Pro Team,+1:06
2015,98,32,Visconti Giovanni,Movistar Team,+1:13
2015,100,27,König Leopold,Team Sky,+0:09
2015,101,21,Henao Sebastián,Team Sky,+1:13
2015,103,22,Quintana Dayer,Movistar Team,+1:17
2015,115,29,Kreuziger Roman,Tinkoff - Saxo,+0:09
2015,116,23,Arndt Nikias,Team Giant - Alpecin,+1:36
2015,118,29,Geschke Simon,Team Giant - Alpecin,+2:00
2015,119,24,Ludvigsson Tobias,Team Giant - Alpecin,+2:13
2015,120,34,Mori Manuele,Lampre - Merida,+2:20
2015,124,26,Courteille Arnaud,FDJ,+2:23
2015,126,24,Herrada Jesús,Movistar Team,+2:27
2015,127,34,Rutkiewicz Marek,CCC Sprandi Polkowice,+2:44
2015,154,26,Țvetcov Serghei,Androni Giocattoli - Sidermec,+2:57
2015,155,25,Boem Nicola,Bardiani - CSF Pro Team,+3:00
2015,156,35,Lancaster Brett,Orica GreenEDGE,+3:42
2015,157,25,Juul-Jensen Christopher,Tinkoff - Saxo,+3:43
2015,158,35,Rogers Michael,Tinkoff - Saxo,+4:24
2015,159,32,Beppu Fumiyuki,Trek Factory Racing,+4:50
2015,160,22,Chevrier Clément,IAM Cycling,+6:00
2015,162,24,Houle Hugo,AG2R La Mondiale,+6:31
2016,1,24,Arndt Nikias,Team Giant - Alpecin,3:48:18
2017,1,32,van Emden Jos,Team LottoNL-Jumbo,33:08
2017,2,26,Dumoulin Tom,Team Sunweb,+0:15
2017,3,37,Quinziato Manuel,BMC Racing Team,+0:27
2017,4,35,Kiryienka Vasil,Team Sky,+0:31
2017,5,27,Rosskopf Joey,BMC Racing Team,+0:35
2017,6,32,Bárta Jan,BORA - hansgrohe,+0:39
2017,7,26,Preidler Georg,Team Sunweb,+0:51
2017,8,24,Jungels Bob,Quick-Step Floors,+0:54
2017,9,27,Tratnik Jan,CCC Sprandi Polkowice,+0:57
2017,10,30,Amador Andrey,Movistar Team,+1:02
2017,11,33,Białobłocki Marcin,CCC Sprandi Polkowice,+1:04
2017,13,32,Nibali Vincenzo,Bahrain Merida Pro Cycling Team,+1:09
2017,15,25,Hepburn Michael,ORICA-Scott,+1:13
2017,16,34,Clement Stef,Team LottoNL-Jumbo,+1:14
2017,17,28,Haga Chad,Team Sunweb,+1:16
2017,18,34,Van den Broeck Jurgen,Team LottoNL-Jumbo,+1:17
2017,20,40,Tuft Svein,ORICA-Scott,+1:18
2017,21,28,van Garderen Tejay,BMC Racing Team,+1:21
2017,22,25,Stuyven Jasper,Trek - Segafredo,+1:31
2017,23,37,Plaza Rubén,ORICA-Scott,+1:36
2017,25,25,Pöstlberger Lukas,BORA - hansgrohe,+1:37
2017,27,27,Quintana Nairo,Movistar Team,+1:39
2017,28,26,Pinot Thibaut,FDJ,+1:42
2017,29,25,Konrad Patrick,BORA - hansgrohe,+1:44
2017,30,28,Castelijns Twan,Team LottoNL-Jumbo,+1:46
2017,32,29,Keizer Martijn,Team LottoNL-Jumbo,+1:48
2017,33,27,Zakarin Ilnur,Team Katusha Alpecin,+1:49
2017,36,28,Rosa Diego,Team Sky,+1:50
2017,37,34,Monfort Maxime,Lotto Soudal,+1:54
2017,39,30,Paterski Maciej,CCC Sprandi Polkowice,+1:57
2017,40,37,Bak Lars Ytting,Lotto Soudal,+1:58
2017,41,32,Mendes José,BORA - hansgrohe,+2:06
2017,42,30,Costa Rui,UAE Team Emirates,+2:15
2017,45,25,Polanc Jan,UAE Team Emirates,+2:16
2017,46,30,Koren Kristijan,Cannondale - Drapac Pro Cycling Team,+2:18
2017,47,24,Conti Valerio,UAE Team Emirates,+2:21
2017,48,27,Puccio Salvatore,Team Sky,+2:24
2017,49,22,Mohorič Matej,UAE Team Emirates,+2:25
2017,50,25,Shalunov Evgeny,Gazprom-RusVelo,+2:27
2017,51,24,Yates Adam,ORICA-Scott,+2:28
2017,53,27,Juul-Jensen Christopher,ORICA-Scott,+2:31
2017,54,33,Montaguti Matteo,AG2R La Mondiale,+2:32
2017,55,25,Senni Manuel,BMC Racing Team,+2:35
2017,56,28,Teklehaimanot Daniel,Team Dimension Data,+2:37
2017,57,25,Bernard Julien,Trek - Segafredo,+2:39
2017,58,26,Bennett Sam,BORA - hansgrohe,+2:48
2017,59,34,Pozzovivo Domenico,AG2R La Mondiale,+2:49
2017,61,32,Ladagnous Matthieu,FDJ,+2:55
2017,62,33,Marczyński Tomasz,Lotto Soudal,+2:57
2017,63,23,Henao Sebastián,Team Sky,+2:58
2017,66,28,Reichenbach Sébastien,FDJ,+3:00
2017,67,29,Izagirre Gorka,Movistar Team,+3:01
2017,70,35,Vaugrenard Benoît,FDJ,+3:02
2017,71,22,Gaviria Fernando,Quick-Step Floors,+3:03
2017,73,23,Pibernik Luka,Bahrain Merida Pro Cycling Team,+3:05
2017,74,31,Geschke Simon,Team Sunweb,+3:09
2017,76,39,Pellizotti Franco,Bahrain Merida Pro Cycling Team,+3:10
2017,77,23,Mühlberger Gregor,BORA - hansgrohe,+3:11
2017,78,30,Zeits Andrey,Astana Pro Team,+3:12
2017,80,21,De Plus Laurens,Quick-Step Floors,+3:15
2017,82,29,Benedetti Cesare,BORA - hansgrohe,+3:17
2017,83,26,Fraile Omar,Team Dimension Data,+3:28
2017,84,26,Van Zyl Johann,Team Dimension Data,+3:29
2017,85,24,Formolo Davide,Cannondale - Drapac Pro Cycling Team,+3:30
2017,86,26,Alafaci Eugenio,Trek - Segafredo,+3:31
2017,87,27,Battaglin Enrico,Team LottoNL-Jumbo,+3:33
2017,89,30,Capecchi Eros,Quick-Step Floors,+3:35
2017,90,31,Herrada José,Movistar Team,+3:37
2017,91,23,Amezqueta Julen,Wilier Triestina - Selle Italia,+3:39
2017,94,28,Serry Pieter,Quick-Step Floors,+3:40
2017,95,36,ten Dam Laurens,Team Sunweb,+3:42
2017,96,34,Siutsou Kanstantsin,Bahrain Merida Pro Cycling Team,+3:43
2017,97,35,Brutt Pavel,Gazprom-RusVelo,+3:44
2017,100,29,Janse van Rensburg Jacques,Team Dimension Data,+3:46
2017,102,34,Firsanov Sergey,Gazprom-RusVelo,+3:48
2017,105,32,Stamsnijder Tom,Team Sunweb,+3:49
2017,106,27,Owsian Łukasz,CCC Sprandi Polkowice,+3:50
2017,107,33,Deignan Philip,Team Sky,+3:52
2017,108,36,Dupont Hubert,AG2R La Mondiale,+3:56
2017,109,21,Schlegel Michal,CCC Sprandi Polkowice,+3:58
2017,111,27,Molard Rudy,FDJ,+3:59
2017,113,27,Kuznetsov Viacheslav,Team Katusha Alpecin,+4:03
2017,115,25,Foliforov Alexander,Gazprom-RusVelo,+4:04
2017,116,27,Sbaragli Kristian,Team Dimension Data,+4:06
2017,118,24,Chevrier Clément,AG2R La Mondiale,+4:08
2017,120,23,Großschartner Felix,CCC Sprandi Polkowice,+4:15
2017,121,28,Anacona Winner,Movistar Team,+4:17
2017,122,26,Dombrowski Joe,Cannondale - Drapac Pro Cycling Team,+4:20
2017,123,26,Hansen Jesper,Astana Pro Team,+4:22
2017,124,25,Fonzi Giuseppe,Wilier Triestina - Selle Italia,+4:23
2017,125,29,Bérard Julien,AG2R La Mondiale,+4:25
2017,126,22,Rodríguez Cristián,Wilier Triestina - Selle Italia,+4:26
2017,129,27,Zhupa Eugert,Wilier Triestina - Selle Italia,+4:27
2017,130,26,Koshevoy Ilia,Wilier Triestina - Selle Italia,+4:29
2017,131,27,Barbin Enrico,Bardiani - CSF,+4:30
2017,132,34,Morabito Steve,FDJ,+4:31
2017,133,34,Richeze Maximiliano,Quick-Step Floors,+4:32
2017,134,32,Samoilau Branislau,CCC Sprandi Polkowice,+4:33
2017,135,29,Stetina Peter,Trek - Segafredo,+4:34
2017,136,27,Boem Nicola,Bardiani - CSF,+4:36
2017,138,33,Devenyns Dries,Quick-Step Floors,+4:38
2017,139,30,Kišerlovski Robert,Team Katusha Alpecin,+4:41
2017,140,35,Gasparotto Enrico,Bahrain Merida Pro Cycling Team,+4:45
2017,141,25,Maestri Mirco,Bardiani - CSF,+4:47
2017,142,29,Howes Alex,Cannondale - Drapac Pro Cycling Team,+4:48
2017,143,25,Bidard François,AG2R La Mondiale,+4:53
2017,144,32,Agnoli Valerio,Bahrain Merida Pro Cycling Team,+4:54
2017,145,34,Ferrari Roberto,UAE Team Emirates,+5:02
2017,146,22,Ciccone Giulio,Bardiani - CSF,+5:11
2017,148,30,Ponzi Simone,CCC Sprandi Polkowice,+5:12
2017,149,29,Busato Matteo,Wilier Triestina - Selle Italia,+5:14
2017,150,25,Villella Davide,Cannondale - Drapac Pro Cycling Team,+5:15
2017,151,35,Hernández Blázquez Jesús,Trek - Segafredo,+5:19
2017,152,36,Lagutin Sergey,Gazprom-RusVelo,+5:23
2017,153,23,Jauregui Quentin,AG2R La Mondiale,+5:24
2017,154,30,Rolland Pierre,Cannondale - Drapac Pro Cycling Team,+5:27
2017,155,35,Pozzato Filippo,Wilier Triestina - Selle Italia,+5:29
2017,156,24,Lunke Sindre,Team Sunweb,+5:37
2017,157,22,Carthy Hugh,Cannondale - Drapac Pro Cycling Team,+5:40
2017,158,25,Bizhigitov Zhandos,Astana Pro Team,+5:41
2017,159,22,Rota Lorenzo,Bardiani - CSF,+5:43
2017,160,22,Mamykin Matvey,Team Katusha Alpecin,+5:50
2017,161,23,Andreetta Simone,Bardiani - CSF,+6:44
2018,1,27,Bennett Sam,BORA - hansgrohe,2:50:49
2019,1,30,Haga Chad,Team Sunweb,22:07
2019,2,27,Campenaerts Victor,Lotto Soudal,+0:04
2019,3,32,De Gendt Thomas,Lotto Soudal,+0:06
2019,4,31,Caruso Damiano,Bahrain Merida,+0:09
2019,5,28,Ludvigsson Tobias,Groupama - FDJ,+0:11
2019,7,29,Bilbao Pello,Astana Pro Team,+0:17
2019,8,28,Cattaneo Mattia,Androni Giocattoli - Sidermec,+0:20
2019,9,34,Nibali Vincenzo,Bahrain Merida,+0:23
2019,10,29,Roglič Primož,Team Jumbo-Visma,+0:26
2019,11,28,Durbridge Luke,Mitchelton-Scott,+0:27
2019,12,25,Bohli Tom,UAE Team Emirates,+0:34
2019,13,29,Zakarin Ilnur,Team Katusha Alpecin,+0:36
2019,14,27,Polanc Jan,UAE Team Emirates,+0:37
2019,15,29,Majka Rafał,BORA - hansgrohe,+0:40
2019,16,34,van Emden Jos,Team Jumbo-Visma,+0:42
2019,17,26,Jungels Bob,Deceuninck - Quick Step,+0:44
2019,18,34,Bauer Jack,Mitchelton-Scott,+0:48
2019,19,32,Amador Andrey,Movistar Team,+0:53
2019,20,21,Sivakov Pavel,Team INEOS,+0:57
2019,22,26,Formolo Davide,BORA - hansgrohe,+0:58
2019,23,34,Cataldo Dario,Astana Pro Team,+1:00
2019,25,25,Bouwman Koen,Team Jumbo-Visma,+1:03
2019,26,32,Mollema Bauke,Trek - Segafredo,+1:04
2019,28,29,Ulissi Diego,UAE Team Emirates,+1:06
2019,29,32,de la Parte Víctor,CCC Team,+1:07
2019,30,26,McCarthy Jay,BORA - hansgrohe,+1:09
2019,33,27,Démare Arnaud,Groupama - FDJ,+1:10
2019,36,26,Carapaz Richard,Movistar Team,+1:12
2019,38,25,Gogl Michael,Trek - Segafredo,+1:17
2019,39,23,Hindley Jai,Team Sunweb,+1:18
2019,41,25,Scotson Miles,Groupama - FDJ,+1:19
2019,43,25,López Miguel Ángel,Astana Pro Team,+1:20
2019,44,23,O'Connor Ben,Team Dimension Data,+1:22
2019,45,32,Kangert Tanel,EF Education First,+1:23
2019,46,37,Ventoso Francisco José,CCC Team,+1:26
2019,47,30,Izagirre Ion,Astana Pro Team,+1:27
2019,48,22,Honoré Mikkel Frølich,Deceuninck - Quick Step,+1:28
2019,49,31,Vuillermoz Alexis,AG2R La Mondiale,+1:29
2019,50,36,Pozzovivo Domenico,Bahrain Merida,+1:30
2019,52,35,Nieve Mikel,Mitchelton-Scott,+1:36
2019,53,24,Ghebreigzabhier Amanuel,Team Dimension Data,+1:37
2019,54,39,Plaza Rubén,Israel Cycling Academy,+1:38
2019,56,29,Juul-Jensen Christopher,Mitchelton-Scott,+1:39
2019,58,32,Boaro Manuele,Astana Pro Team,+1:40
2019,60,33,Bakelants Jan,Team Sunweb,+1:42
2019,62,24,Hamilton Chris,Team Sunweb,+1:43
2019,63,25,Masnada Fausto,Androni Giocattoli - Sidermec,+1:46
2019,64,35,Marcato Marco,UAE Team Emirates,+1:48
2019,66,22,Conci Nicola,Trek - Segafredo,+1:49
2019,67,30,Serry Pieter,Deceuninck - Quick Step,+1:50
2019,68,24,Carthy Hugh,EF Education First,+1:51
2019,69,29,Owsian Łukasz,CCC Team,+1:53
2019,71,23,Carboni Giovanni,Bardiani - CSF,+1:55
2019,72,22,Madouas Valentin,Groupama - FDJ,+1:58
2019,73,34,Clarke Will,Trek - Segafredo,+2:01
2019,75,29,Poljański Paweł,BORA - hansgrohe,+2:07
2019,77,35,Montaguti Matteo,Androni Giocattoli - Sidermec,+2:09
2019,79,24,Ciccone Giulio,Trek - Segafredo,+2:11
2019,82,39,Irizar Markel,Trek - Segafredo,+2:13
2019,83,37,Gasparotto Enrico,Team Dimension Data,+2:15
2019,85,25,Peters Nans,AG2R La Mondiale,+2:19
2019,87,29,Cimolai Davide,Israel Cycling Academy,+2:21
2019,89,25,Henao Sebastián,Team INEOS,+2:22
2019,90,28,Haller Marco,Team Katusha Alpecin,+2:23
2019,92,26,Caicedo Jonathan Klever,EF Education First,+2:25
2019,93,25,Denz Nico,AG2R La Mondiale,+2:27
2019,94,27,Maestri Mirco,Bardiani - CSF,+2:29
2019,96,29,Chaves Esteban,Mitchelton-Scott,+2:31
2019,97,27,Villella Davide,Astana Pro Team,+2:32
2019,99,33,Rojas José Joaquín,Movistar Team,+2:33
2019,101,29,Puccio Salvatore,Team INEOS,+2:34
2019,103,23,Biermans Jenthe,Team Katusha Alpecin,+2:35
2019,105,35,Santaromita Ivan,Nippo Vini Fantini Faizanè,+2:36
2019,106,34,Frapporti Marco,Androni Giocattoli - Sidermec,+2:37
2019,107,34,Agnoli Valerio,Bahrain Merida,+2:39
2019,108,22,Narváez Jhonatan,Team INEOS,+2:41
2019,109,31,Benedetti Cesare,BORA - hansgrohe,+2:42
2019,111,29,Battaglin Enrico,Team Katusha Alpecin,+2:43
2019,113,28,Van der Sande Tosh,Lotto Soudal,+2:50
2019,115,25,Tolhoek Antwan,Team Jumbo-Visma,+2:54
2019,116,31,Guarnieri Jacopo,Groupama - FDJ,+2:57
2019,117,22,Covili Luca,Bardiani - CSF,+2:59
2019,119,24,Kuss Sepp,Team Jumbo-Visma,+3:00
2019,120,38,Hansen Adam,Lotto Soudal,+3:01
2019,122,29,Sbaragli Kristian,Israel Cycling Academy,+3:03
2019,123,25,Le Gac Olivier,Groupama - FDJ,+3:05
2019,124,27,Dunne Conor,Israel Cycling Academy,+3:07
2019,125,25,Cima Damiano,Nippo Vini Fantini Faizanè,+3:08
2019,126,24,Rota Lorenzo,Bardiani - CSF,+3:12
2019,127,27,Brown Nathan,EF Education First,+3:17
2019,129,27,Pedrero Antonio,Movistar Team,+3:18
2019,130,33,Belletti Manuel,Androni Giocattoli - Sidermec,+3:21
2019,131,34,Gavazzi Francesco,Androni Giocattoli - Sidermec,+3:23
2019,132,35,Martens Paul,Team Jumbo-Visma,+3:25
2019,133,27,Gebremedhin Awet,Israel Cycling Academy,+3:27
2019,134,30,Boivin Guillaume,Israel Cycling Academy,+3:31
2019,135,27,Senni Manuel,Bardiani - CSF,+3:33
2019,137,23,Flórez Miguel Eduardo,Androni Giocattoli - Sidermec,+3:34
2019,138,33,Leezer Tom,Team Jumbo-Visma,+3:36
2019,139,30,Hatsuyama Sho,Nippo Vini Fantini Faizanè,+3:37
2019,140,30,Lobato Juan José,Nippo Vini Fantini Faizanè,+3:54
2019,141,21,Sosa Iván Ramiro,Team INEOS,+4:04
2019,142,22,Dunbar Eddie,Team INEOS,+4:20
2020,1,24,Ganna Filippo,INEOS Grenadiers,17:16
2020,2,28,Campenaerts Victor,NTT Pro Cycling,+0:32
2020,4,22,Almeida João,Deceuninck - Quick Step,+0:41
2020,6,27,Černý Josef,CCC Team,+0:44
2020,8,22,McNulty Brandon,UAE Team Emirates,+0:46
2020,9,30,Gradek Kamil,CCC Team,+0:47
2020,11,29,Kelderman Wilco,Team Sunweb,+0:55
2020,12,27,Tusveld Martijn,Team Sunweb,+0:58
2020,14,33,De Gendt Thomas,Lotto Soudal,+1:03
2020,15,35,Bodnar Maciej,BORA - hansgrohe,+1:04
2020,16,31,Rosskopf Joey,CCC Team,+1:05
2020,17,32,Dowsett Alex,Israel Start-Up Nation,+1:06
2020,18,23,Sobrero Matteo,NTT Pro Cycling,+1:08
2020,19,37,Pozzovivo Domenico,NTT Pro Cycling,+1:10
2020,20,30,Brändle Matthias,Israel Start-Up Nation,+1:11
2020,21,24,Paret-Peintre Aurélien,AG2R La Mondiale,+1:13
2020,22,23,Honoré Mikkel Frølich,Deceuninck - Quick Step,+1:14
2020,24,30,Bilbao Pello,Bahrain - McLaren,+1:16
2020,25,24,O'Connor Ben,NTT Pro Cycling,+1:18
2020,27,21,Bjerg Mikkel,UAE Team Emirates,+1:19
2020,28,32,Swift Ben,INEOS Grenadiers,+1:23
2020,29,31,Puccio Salvatore,INEOS Grenadiers,+1:26
2020,30,35,Nibali Vincenzo,Trek - Segafredo,+1:27
2020,31,35,Fuglsang Jakob,Astana Pro Team,+1:28
2020,32,26,Ballerini Davide,Deceuninck - Quick Step,+1:30
2020,33,26,Masnada Fausto,Deceuninck - Quick Step,+1:31
2020,34,26,Vendrame Andrea,AG2R La Mondiale,+1:32
2020,35,25,Oomen Sam,Team Sunweb,+1:34
2020,36,29,Konrad Patrick,BORA - hansgrohe,+1:35
2020,37,28,Meintjes Louis,NTT Pro Cycling,+1:36
2020,38,24,Hindley Jai,Team Sunweb,+1:37
2020,39,29,Démare Arnaud,Groupama - FDJ,+1:38
2020,41,22,Valter Attila,CCC Team,+1:39
2020,42,34,Konovalovas Ignatas,Groupama - FDJ,+1:41
2020,43,25,Rodríguez Óscar,Astana Pro Team,+1:43
2020,45,31,Zakarin Ilnur,CCC Team,+1:47
2020,46,27,Conti Valerio,UAE Team Emirates,+1:49
2020,47,24,Hodeg Álvaro José,Deceuninck - Quick Step,+1:50
2020,48,31,Serry Pieter,Deceuninck - Quick Step,+1:52
2020,49,24,Knox James,Deceuninck - Quick Step,+1:53
2020,51,30,Pernsteiner Hermann,Bahrain - McLaren,+1:55
2020,52,30,Sagan Peter,BORA - hansgrohe,+1:56
2020,53,27,Caicedo Jonathan Klever,EF Pro Cycling,+1:58
2020,54,22,Oldani Stefano,Lotto Soudal,+1:59
2020,56,25,Fabbro Matteo,BORA - hansgrohe,+2:00
2020,57,26,Denz Nico,Team Sunweb,+2:02
2020,58,26,Consonni Simone,Cofidis,+2:04
2020,60,26,Holmes Matthew,Lotto Soudal,+2:05
2020,62,34,Clarke Simon,EF Pro Cycling,+2:06
2020,63,26,Guerreiro Ruben,EF Pro Cycling,+2:07
2020,66,23,Vanhoucke Harm,Lotto Soudal,+2:10
2020,67,25,Novak Domen,Bahrain - McLaren,+2:11
2020,68,31,Majka Rafał,BORA - hansgrohe,+2:12
2020,70,25,Le Turnier Mathias,Cofidis,+2:13
2020,72,29,Hagen Carl Fredrik,Lotto Soudal,+2:14
2020,73,30,Hansen Jesper,Cofidis,+2:15
2020,78,23,Bevilacqua Simone,Vini Zabù - KTM,+2:17
2020,79,35,Cataldo Dario,Movistar Team,+2:18
2020,80,31,Viviani Elia,Cofidis,+2:21
2020,81,33,Guarnieri Jacopo,Groupama - FDJ,+2:22
2020,82,28,Bernard Julien,Trek - Segafredo,+2:23
2020,83,30,Torres Albert,Movistar Team,+2:24
2020,85,27,Mosca Jacopo,Trek - Segafredo,+2:25
2020,86,36,Arashiro Yukiya,Bahrain - McLaren,+2:27
2020,87,23,Conci Nicola,Trek - Segafredo,+2:28
2020,88,37,Navarro Daniel,Israel Start-Up Nation,+2:31
2020,89,26,Zabel Rick,Israel Start-Up Nation,+2:32
2020,90,35,Wyss Danilo,NTT Pro Cycling,+2:35
2020,92,24,Sunderland Dylan,NTT Pro Cycling,+2:37
2020,96,26,Contreras Rodrigo,Astana Pro Team,+2:40
2020,97,25,Rota Lorenzo,Vini Zabù - KTM,+2:42
2020,99,30,Poljański Paweł,BORA - hansgrohe,+2:43
2020,100,28,Bidard François,AG2R La Mondiale,+2:44
2020,101,29,Villella Davide,Movistar Team,+2:45
2020,102,33,Benedetti Cesare,BORA - hansgrohe,+2:47
2020,104,34,Armée Sander,Lotto Soudal,+2:48
2020,105,29,Pedrero Antonio,Movistar Team,+2:49
2020,106,24,Gregaard Jonas,Astana Pro Team,+2:52
2020,107,34,Capecchi Eros,Bahrain - McLaren,+2:53
2020,110,26,Mathis Marco,Cofidis,+2:55
2020,111,22,Rubio Einer,Movistar Team,+2:58
2020,112,39,Hansen Adam,Lotto Soudal,+3:01
2020,114,26,van Empel Etienne,Vini Zabù - KTM,+3:02
2020,116,25,Sagiv Guy,Israel Start-Up Nation,+3:06
2020,118,25,Fiorelli Filippo,Bardiani-CSF-Faizanè,+3:13
2020,120,25,Restrepo Jhonatan,Androni Giocattoli - Sidermec,+3:15
2020,123,25,Carretero Héctor,Movistar Team,+3:16
2020,125,23,Romano Francesco,Bardiani-CSF-Faizanè,+3:18
2020,126,28,Chirico Luca,Androni Giocattoli - Sidermec,+3:21
2020,129,23,Lonardi Giovanni,Bardiani-CSF-Faizanè,+3:22
2020,130,21,Mazzucco Fabio,Bardiani-CSF-Faizanè,+3:39
2020,131,22,Cepeda Jefferson Alexander,Androni Giocattoli - Sidermec,+3:42
2020,132,37,Keisse Iljo,Deceuninck - Quick Step,+3:43
2020,133,35,Bisolti Alessandro,Androni Giocattoli - Sidermec,+4:12
2021,1,24,Ganna Filippo,INEOS Grenadiers,33:48
2021,2,25,Cavagna Rémi,Deceuninck - Quick Step,+0:12
2021,3,24,Affini Edoardo,Team Jumbo-Visma,+0:13
2021,4,24,Sobrero Matteo,Astana - Premier Tech,+0:14
2021,5,22,Almeida João,Deceuninck - Quick Step,+0:27
2021,6,27,Walscheid Max,Team Qhubeka ASSOS,+0:33
2021,7,27,Bettiol Alberto,EF Education - Nippo,+0:34
2021,8,31,Tratnik Jan,Bahrain - Victorious,+0:42
2021,9,27,Moscon Gianni,INEOS Grenadiers,+0:44
2021,10,38,Keisse Iljo,Deceuninck - Quick Step,+0:47
2021,11,36,Bodnar Maciej,BORA - hansgrohe,+0:54
2021,12,24,Foss Tobias,Team Jumbo-Visma,+0:58
2021,13,29,Arndt Nikias,Team DSM,+1:02
2021,14,25,Martínez Daniel Felipe,INEOS Grenadiers,+1:21
2021,15,31,Ulissi Diego,UAE Team Emirates,+1:23
2021,19,25,Vlasov Aleksandr,Astana - Premier Tech,+1:26
2021,20,24,van den Berg Julius,EF Education - Nippo,+1:38
2021,21,27,Bouwman Koen,Team Jumbo-Visma,+1:45
2021,22,28,Formolo Davide,UAE Team Emirates,+1:50
2021,23,29,Hepburn Michael,Team BikeExchange,+1:52
2021,24,24,Bernal Egan,INEOS Grenadiers,+1:53
2021,25,34,Castroviejo Jonathan,INEOS Grenadiers,+1:57
2021,26,27,Denz Nico,Team DSM,+2:00
2021,27,32,Serry Pieter,Deceuninck - Quick Step,+2:04
2021,28,26,Seigle Romain,Groupama - FDJ,+2:05
2021,29,28,Riesebeek Oscar,Alpecin - Fenix,+2:07
2021,30,37,Sánchez Luis León,Astana - Premier Tech,+2:09
2021,31,30,Bardet Romain,Team DSM,+2:10
2021,32,33,Izagirre Gorka,Astana - Premier Tech,+2:11
2021,33,29,Wiśniowski Łukasz,Team Qhubeka ASSOS,+2:12
2021,34,24,Honoré Mikkel Frølich,Deceuninck - Quick Step,+2:13
2021,35,22,Battistella Samuele,Astana - Premier Tech,+2:19
2021,36,21,Jorgenson Matteo,Movistar Team,+2:22
2021,37,24,Tejada Harold,Astana - Premier Tech,+2:25
2021,39,26,Carthy Hugh,EF Education - Nippo,+2:27
2021,40,32,Oliveira Nelson,Movistar Team,+2:28
2021,41,22,Covi Alessandro,UAE Team Emirates,+2:29
2021,42,22,Valter Attila,Groupama - FDJ,+2:32
2021,43,31,Bennett George,Team Jumbo-Visma,+2:33
2021,44,25,Leysen Senne,Alpecin - Fenix,+2:34
2021,46,30,Warbasse Larry,AG2R Citroën Team,+2:35
2021,47,22,Carr Simon,EF Education - Nippo,+2:36
2021,48,32,Janssens Jimmy,Alpecin - Fenix,+2:38
2021,49,22,Pronskiy Vadim,Astana - Premier Tech,+2:41
2021,50,23,Kanter Max,Team DSM,+2:43
2021,51,28,Yates Simon,Team BikeExchange,+2:45
2021,52,30,Bevin Patrick,Israel Start-Up Nation,+2:46
2021,53,31,Juul-Jensen Christopher,Team BikeExchange,+2:47
2021,54,28,Gougeard Alexis,AG2R Citroën Team,+2:52
2021,55,31,Torres Albert,Movistar Team,+2:53
2021,56,26,Vendrame Andrea,AG2R Citroën Team,+2:54
2021,57,31,Sagan Peter,BORA - hansgrohe,+2:59
2021,58,36,Cataldo Dario,Movistar Team,+3:01
2021,59,26,Gaviria Fernando,UAE Team Emirates,+3:02
2021,60,26,Fabbro Matteo,BORA - hansgrohe,+3:04
2021,62,22,Aleotti Giovanni,BORA - hansgrohe,+3:06
2021,63,24,Storer Michael,Team DSM,+3:10
2021,65,22,Zana Filippo,Bardiani-CSF-Faizanè,+3:14
2021,66,22,van den Berg Lars,Groupama - FDJ,+3:15
2021,67,28,Conti Valerio,UAE Team Emirates,+3:20
2021,68,34,Kangert Tanel,Team BikeExchange,+3:21
2021,69,31,Puccio Salvatore,INEOS Grenadiers,+3:22
2021,71,37,Martens Paul,Team Jumbo-Visma,+3:23
2021,72,26,Consonni Simone,Cofidis,+3:26
2021,74,33,Pasqualon Andrea,Intermarché - Wanty - Gobert Matériaux,+3:27
2021,75,34,Taaramäe Rein,Intermarché - Wanty - Gobert Matériaux,+3:28
2021,76,29,De Bondt Dries,Alpecin - Fenix,+3:30
2021,78,36,Sabatini Fabio,Cofidis,+3:32
2021,79,24,Scotson Callum,Team BikeExchange,+3:33
2021,81,29,Krieger Alexander,Alpecin - Fenix,+3:38
2021,82,26,Minali Riccardo,Intermarché - Wanty - Gobert Matériaux,+3:39
2021,83,24,Albanese Vincenzo,EOLO-Kometa,+3:40
2021,87,26,Ghebreigzabhier Amanuel,Trek - Segafredo,+3:41
2021,88,23,Rivi Samuele,EOLO-Kometa,+3:42
2021,90,24,Narváez Jhonatan,INEOS Grenadiers,+3:43
2021,92,32,Viviani Elia,Cofidis,+3:45
2021,93,26,Hamilton Chris,Team DSM,+3:47
2021,94,36,Roche Nicolas,Team DSM,+3:48
2021,95,34,Mollema Bauke,Trek - Segafredo,+3:50
2021,96,27,Mosca Jacopo,Trek - Segafredo,+3:51
2021,97,29,Villella Davide,Movistar Team,+3:52
2021,99,33,Meyer Cameron,Team BikeExchange,+3:53
2021,100,36,Arashiro Yukiya,Bahrain - Victorious,+3:55
2021,102,31,Cimolai Davide,Israel Start-Up Nation,+3:58
2021,103,36,Gavazzi Francesco,EOLO-Kometa,+3:59
2021,104,33,Gallopin Tony,AG2R Citroën Team,+4:01
2021,105,29,Bouchard Geoffrey,AG2R Citroën Team,+4:03
2021,106,25,Carboni Giovanni,Bardiani-CSF-Faizanè,+4:04
2021,107,28,Badilatti Matteo,Groupama - FDJ,+4:08
2021,108,28,Petilli Simone,Intermarché - Wanty - Gobert Matériaux,+4:09
2021,110,24,Moschetti Matteo,Trek - Segafredo,+4:10
2021,112,25,Ravanelli Simone,Androni Giocattoli - Sidermec,+4:11
2021,113,29,Pedrero Antonio,Movistar Team,+4:18
2021,115,28,Naesen Lawrence,AG2R Citroën Team,+4:21
2021,116,23,Oldani Stefano,Lotto Soudal,+4:22
2021,117,33,Benedetti Cesare,BORA - hansgrohe,+4:23
2021,119,21,Schmid Mauro,Team Qhubeka ASSOS,+4:25
2021,120,38,Visconti Giovanni,Bardiani-CSF-Faizanè,+4:27
2021,121,27,Frankiny Kilian,Team Qhubeka ASSOS,+4:30
2021,122,31,Lindeman Bert-Jan,Team Qhubeka ASSOS,+4:31
2021,124,38,de Kort Koen,Trek - Segafredo,+4:36
2021,125,33,Valls Rafael,Bahrain - Victorious,+4:37
2021,126,28,Marengo Umberto,Bardiani-CSF-Faizanè,+4:47
2021,127,24,Viviani Attilio,Cofidis,+4:50
2021,128,31,Battaglin Enrico,Bardiani-CSF-Faizanè,+5:01
2021,129,27,Niv Guy,Israel Start-Up Nation,+5:04
2021,130,28,Gabburo Davide,Bardiani-CSF-Faizanè,+5:07
2021,131,23,Zoccarato Samuele,Bardiani-CSF-Faizanè,+5:08
2021,132,28,Vermeersch Gianni,Alpecin - Fenix,+5:13
2021,133,25,Fortunato Lorenzo,EOLO-Kometa,+5:15
2021,134,28,Pellaud Simon,Androni Giocattoli - Sidermec,+5:19
2021,135,27,van der Hoorn Taco,Intermarché - Wanty - Gobert Matériaux,+5:21
2021,136,23,Guglielmi Simon,Groupama - FDJ,+5:24
2021,137,26,Fiorelli Filippo,Bardiani-CSF-Faizanè,+5:28
2021,138,30,Christian Mark,EOLO-Kometa,+5:33
2021,139,25,Dina Márton,EOLO-Kometa,+5:34
2021,141,23,Vanhoucke Harm,Lotto Soudal,+5:40
2021,142,22,Venchiarutti Nicola,Androni Giocattoli - Sidermec,+5:50
2021,143,23,Rubio Einer,Movistar Team,+6:20
2022,1,25,Sobrero Matteo,Team BikeExchange - Jayco,22:24
2022,2,22,Arensman Thymen,Team DSM,+0:23
2022,3,27,van der Poel Mathieu,Alpecin - Fenix,+0:40
2022,4,35,Mollema Bauke,Trek - Segafredo,+1:08
2022,5,20,Tulett Ben,INEOS Grenadiers,+1:12
2022,6,22,Schmid Mauro,Quick-Step Alpha Vinyl Team,+1:17
2022,7,29,Cort Magnus,EF Education - EasyPost,+1:18
2022,8,25,Foss Tobias,Jumbo-Visma,+1:19
2022,9,30,Hepburn Michael,Team BikeExchange - Jayco,+1:24
2022,11,27,Carthy Hugh,EF Education - EasyPost,+1:29
2022,12,25,Affini Edoardo,Jumbo-Visma,+1:30
2022,13,25,Kämna Lennard,BORA - hansgrohe,+1:31
2022,16,28,Bouwman Koen,Jumbo-Visma,+1:35
2022,17,31,Ludvigsson Tobias,Groupama - FDJ,+1:36
2022,18,27,Ballerini Davide,Quick-Step Alpha Vinyl Team,+1:39
2022,19,35,De Gendt Thomas,Lotto Soudal,+1:44
2022,20,32,Felline Fabio,Astana Qazaqstan Team,+1:47
2022,21,22,Leemreize Gijs,Jumbo-Visma,+1:48
2022,23,22,Fetter Erik,EOLO-Kometa,+1:49
2022,24,32,Bilbao Pello,Bahrain - Victorious,+1:50
2022,25,26,Hamilton Lucas,Team BikeExchange - Jayco,+1:52
2022,27,26,Barta Will,Movistar Team,+1:54
2022,28,29,Howson Damien,Team BikeExchange - Jayco,+1:55
2022,29,29,Sütterlin Jasha,Bahrain - Victorious,+1:56
2022,30,31,Kelderman Wilco,BORA - hansgrohe,+2:02
2022,31,23,Valter Attila,Groupama - FDJ,+2:05
2022,33,28,Martin Guillaume,Cofidis,+2:08
2022,34,30,Craddock Lawson,Team BikeExchange - Jayco,+2:10
2022,35,36,De Marchi Alessandro,Israel - Premier Tech,+2:16
2022,36,27,Rota Lorenzo,Intermarché - Wanty - Gobert Matériaux,+2:18
2022,37,37,van Emden Jos,Jumbo-Visma,+2:21
2022,38,25,Albanese Vincenzo,EOLO-Kometa,+2:24
2022,40,25,Eenkhoorn Pascal,Jumbo-Visma,+2:28
2022,41,31,Perez Anthony,Cofidis,+2:29
2022,44,26,Knox James,Quick-Step Alpha Vinyl Team,+2:30
2022,45,33,Serry Pieter,Quick-Step Alpha Vinyl Team,+2:32
2022,48,23,Peák Barnabás,Intermarché - Wanty - Gobert Matériaux,+2:35
2022,49,37,Nibali Vincenzo,Astana Qazaqstan Team,+2:36
2022,50,26,Novak Domen,Bahrain - Victorious,+2:37
2022,51,23,Zana Filippo,Bardiani-CSF-Faizanè,+2:39
2022,53,22,Bayer Tobias,Alpecin - Fenix,+2:40
2022,55,24,Gall Felix,AG2R Citroën Team,+2:41
2022,57,24,López Juan Pedro,Trek - Segafredo,+2:42
2022,60,26,Fortunato Lorenzo,EOLO-Kometa,+2:43
2022,61,27,Ciccone Giulio,Trek - Segafredo,+2:44
2022,62,29,Formolo Davide,UAE Team Emirates,+2:45
2022,63,26,Oomen Sam,Jumbo-Visma,+2:46
2022,64,24,Moniquet Sylvain,Lotto Soudal,+2:50
2022,65,28,Scotson Miles,Groupama - FDJ,+2:51
2022,66,24,Rivi Samuele,EOLO-Kometa,+2:53
2022,67,28,Zwiehoff Ben,BORA - hansgrohe,+2:54
2022,68,39,Pozzovivo Domenico,Intermarché - Wanty - Gobert Matériaux,+2:56
2022,69,23,Davy Clément,Groupama - FDJ,+2:57
2022,70,29,Riesebeek Oscar,Alpecin - Fenix,+3:01
2022,71,27,Consonni Simone,Cofidis,+3:02
2022,73,30,Maestri Mirco,EOLO-Kometa,+3:03
2022,75,27,Vendrame Andrea,AG2R Citroën Team,+3:04
2022,79,23,Aleotti Giovanni,BORA - hansgrohe,+3:06
2022,80,30,Villella Davide,Cofidis,+3:07
2022,82,24,Camargo Diego Andrés,EF Education - EasyPost,+3:08
2022,84,26,Ravanelli Simone,Drone Hopper -  Androni Giocattoli,+3:09
2022,87,30,Tonelli Alessandro,Bardiani-CSF-Faizanè,+3:11
2022,89,25,Covili Luca,Bardiani-CSF-Faizanè,+3:16
2022,91,28,Kudus Merhawi,EF Education - EasyPost,+3:17
2022,94,22,Rastelli Luca,Bardiani-CSF-Faizanè,+3:18
2022,95,22,Lazkano Oier,Movistar Team,+3:19
2022,96,30,De Bondt Dries,Alpecin - Fenix,+3:20
2022,97,30,Pedrero Antonio,Movistar Team,+3:22
2022,99,35,Périchon Pierre-Luc,Cofidis,+3:23
2022,100,26,Rochas Rémy,Cofidis,+3:27
2022,101,29,Buchmann Emanuel,BORA - hansgrohe,+3:32
2022,103,32,Zardini Edoardo,Drone Hopper -  Androni Giocattoli,+3:33
2022,104,28,Denz Nico,Team DSM,+3:38
2022,105,24,Oldani Stefano,Alpecin - Fenix,+3:40
2022,106,37,Gavazzi Francesco,EOLO-Kometa,+3:41
2022,107,27,Vergaerde Otto,Trek - Segafredo,+3:44
2022,110,19,Ponomar Andrii,Drone Hopper -  Androni Giocattoli,+3:45
2022,111,31,Combaud Romain,Team DSM,+3:46
2022,113,34,Poels Wout,Bahrain - Victorious,+3:49
2022,114,29,Naesen Lawrence,AG2R Citroën Team,+3:51
2022,115,27,Bauhaus Phil,Bahrain - Victorious,+3:56
2022,117,25,Bais Mattia,Drone Hopper -  Androni Giocattoli,+3:57
2022,118,28,Mosca Jacopo,Trek - Segafredo,+3:58
2022,119,27,Gaviria Fernando,UAE Team Emirates,+4:00
2022,120,23,Covi Alessandro,UAE Team Emirates,+4:01
2022,121,32,Cimolai Davide,Cofidis,+4:04
2022,122,36,Cherel Mikaël,AG2R Citroën Team,+4:07
2022,123,25,Gamper Patrick,BORA - hansgrohe,+4:08
2022,125,34,Benedetti Cesare,BORA - hansgrohe,+4:09
2022,126,30,Sepúlveda Eduardo,Drone Hopper -  Androni Giocattoli,+4:10
2022,127,31,Kreder Wesley,Cofidis,+4:13
2022,128,26,Tagliani Filippo,Drone Hopper -  Androni Giocattoli,+4:14
2022,129,35,Taaramäe Rein,Intermarché - Wanty - Gobert Matériaux,+4:19
2022,130,25,Hänninen Jaakko,AG2R Citroën Team,+4:21
2022,131,36,Kluge Roger,Lotto Soudal,+4:22
2022,132,36,Konovalovas Ignatas,Groupama - FDJ,+4:24
2022,133,39,Richeze Maximiliano,UAE Team Emirates,+4:26
2022,134,36,Rojas José Joaquín,Movistar Team,+4:30
2022,135,29,Van Lerberghe Bert,Quick-Step Alpha Vinyl Team,+4:34
2022,136,28,Zabel Rick,Israel - Premier Tech,+4:36
2022,137,35,Costa Rui,UAE Team Emirates,+4:37
2022,138,34,Guarnieri Jacopo,Groupama - FDJ,+4:38
2022,139,31,Theuns Edward,Trek - Segafredo,+4:42
2022,140,34,Modolo Sacha,Bardiani-CSF-Faizanè,+4:43
2022,141,35,Castroviejo Jonathan,INEOS Grenadiers,+4:50
2022,142,33,Dowsett Alex,Israel - Premier Tech,+4:53
2022,143,28,Cataford Alexander,Israel - Premier Tech,+4:58
2022,144,32,Brändle Matthias,Israel - Premier Tech,+5:04
2022,145,37,Cavendish Mark,Quick-Step Alpha Vinyl Team,+5:08
2022,146,27,De Gendt Aimé,Intermarché - Wanty - Gobert Matériaux,+5:14
2022,147,24,Sosa Iván Ramiro,Movistar Team,+5:15
2022,148,33,Sinkeldam Ramon,Groupama - FDJ,+5:24
2022,149,25,Oliveira Rui,UAE Team Emirates,+5:30
2023,1,38,Cavendish Mark,Astana Qazaqstan Team,2:48:26
2023,98,38,Gavazzi Francesco,EOLO-Kometa,+0:53
2023,99,22,Vacek Karel,Team Corratec - Selle Italia,+1:10
2023,100,27,Sevilla Diego Pablo,EOLO-Kometa,+1:14
2023,101,31,Konrad Patrick,BORA - hansgrohe,+0:00
2023,106,27,Leysen Senne,Alpecin - Deceuninck,+1:29
2023,107,36,Mollema Bauke,Trek - Segafredo,+1:57
2023,108,21,Gloag Thomas,Jumbo-Visma,+2:01
2023,110,24,Märkl Niklas,Team DSM,+0:00
2023,113,38,Arashiro Yukiya,Bahrain - Victorious,+2:11
2023,115,36,Bouet Maxime,Team Arkéa Samsic,+2:24
2023,116,35,Benedetti Cesare,BORA - hansgrohe,+3:43
2023,117,29,Denz Nico,BORA - hansgrohe,+3:55
2023,118,26,Affini Edoardo,Jumbo-Visma,+4:09
2023,119,32,Dombrowski Joe,Astana Qazaqstan Team,+4:15
2023,120,33,Dennis Rohan,Jumbo-Visma,+4:20
2023,122,30,Verona Carlos,Movistar Team,+4:23
2023,123,35,Swift Ben,INEOS Grenadiers,+4:24
2023,124,22,Mayrhofer Marius,Team DSM,+4:56
2024,1,31,Merlier Tim,Soudal Quick-Step,2:51:50
2024,102,20,Pellizzari Giulio,VF Group - Bardiani CSF - Faizanè,+0:34
2024,103,25,Cepeda Jefferson Alexander,EF Education - EasyPost,+0:41
2024,105,27,Affini Edoardo,Team Visma | Lease a Bike,+0:49
2024,106,23,Van den Bossche Fabio,Alpecin - Deceuninck,+0:53
2024,107,34,Torres Albert,Movistar Team,+0:59
2024,108,25,Hoole Daan,Lidl - Trek,+1:15
2024,117,32,Hepburn Michael,Team Jayco AlUla,+1:31
2024,119,23,van Sintmaartensdijk Roel,Intermarché - Wanty,+1:36
2024,120,31,Smith Dion,Intermarché - Wanty,+1:58
2024,121,30,Le Gac Olivier,Groupama - FDJ,+2:00
2024,122,29,Mullen Ryan,BORA - hansgrohe,+2:07
2024,124,28,Novak Domen,UAE Team Emirates,+2:21
2024,125,30,Kamp Alexander,Tudor Pro Cycling Team,+3:03
2024,126,31,Černý Josef,Soudal Quick-Step,+3:12
2024,127,28,Hermans Quinten,Alpecin - Deceuninck,+3:16
2024,128,24,Marcellusi Martin,VF Group - Bardiani CSF - Faizanè,+3:24
2024,129,26,Debeaumarché Nicolas,Cofidis,+3:58
2024,130,38,De Marchi Alessandro,Team Jayco AlUla,+4:39
2024,131,25,Bagioli Andrea,Lidl - Trek,+5:33
2024,137,27,de Bod Stefan,EF Education - EasyPost,+5:39
2024,138,24,Vansevenant Mauri,Soudal Quick-Step,+6:15
2024,142,30,Hofstetter Hugo,Israel - Premier Tech,+15:10
2025,1,23,Kooij Olav,Team Visma | Lease a Bike,3:12:19
2025,92,31,Edmondson Alex,Team Picnic PostNL,+0:25
2025,96,24,Tjøtta Martin,Arkéa - B&B Hotels,+0:35
2025,103,28,Prodhomme Nicolas,Decathlon AG2R La Mondiale Team,+0:44
2025,104,32,Howson Damien,Q36.5 Pro Cycling Team,+0:49
2025,124,22,Miholjević Fran,Bahrain - Victorious,+1:00
2025,126,25,Pidcock Thomas,Q36.5 Pro Cycling Team,+1:08
2025,128,29,Rochas Rémy,Groupama - FDJ,+1:12
2025,131,34,Houle Hugo,Israel - Premier Tech,+1:20
2025,132,33,Hepburn Michael,Team Jayco AlUla,+1:41
2025,140,33,Krieger Alexander,Tudor Pro Cycling Team,+1:53
2025,141,24,Van den Bossche Fabio,Alpecin - Deceuninck,+2:06
2025,143,26,Huys Laurens,Arkéa - B&B Hotels,+2:36
2025,144,34,Perez Anthony,Cofidis,+2:52
2025,148,25,Colleoni Kevin,Intermarché - Wanty,+3:00
2025,149,28,Gaudu David,Groupama - FDJ,+3:23
2025,150,33,Bystrøm Sven Erik,Groupama - FDJ,+0:00
2025,152,29,Hermans Quinten,Alpecin - Deceuninck,+3:30
2025,153,25,Kielich Timo,Alpecin - Deceuninck,+4:37
2025,156,23,Paleni Enzo,Groupama - FDJ,+4:46
2025,158,25,Marcellusi Martin,VF Group - Bardiani CSF - Faizanè,+5:04
